★	Category	Subcategory		First author	Country	Year	Journal	Title	Study type	Notes	Coil type	Target site	Stim type	Freq (Hz)	Intensity (%MT)	Pulses / session	Total pulses (course)	Localization	t / session	N sessions	Results (☺ positive / modest / ☹ null → conclusions)	Link
☺	Depression (MDD)	Pivotal RCT		O'Reardon	USA (multisite)	2007	Biol Psychiatry	Efficacy and safety of TMS in the acute treatment of major depression: a multisite randomized controlled trial	RCT, sham-controlled, n=301	Neuronetics NeuroStar registration trial; basis of first FDA clearance (2008)	Figure-8	Left DLPFC	rTMS	10	120% RMT	3000	~90,000 (30 sessions)	5 cm rule	~37.5 min	up to 30 (4-6 wk)	Active > sham on MADRS at wk 4-6; established HF-left-DLPFC as standard	https://pubmed.ncbi.nlm.nih.gov/?term=O'Reardon%202007%20TMS
☺	Depression (MDD)	Pivotal RCT (NIH)		George	USA (4 sites)	2010	Arch Gen Psychiatry	Daily left prefrontal TMS therapy for major depressive disorder: a sham-controlled randomized trial (OPT-TMS)	RCT, n=190	NIH-funded, industry-independent confirmation	Figure-8	Left DLPFC	rTMS	10	120% RMT	3000	~90,000	5.5 cm / MRI-guided subset	~37.5 min	15-30 (3-6 wk)	Remission 14% vs 5% sham; independent efficacy confirmation	https://pubmed.ncbi.nlm.nih.gov/?term=George%202010%20TMS
☺	Depression (MDD)	TBS non-inferiority		Blumberger	Canada	2018	Lancet	Effectiveness of theta burst versus high-frequency rTMS in depression (THREE-D): randomized non-inferiority trial	RCT non-inferiority, n=414	Landmark: iTBS ≈ 10Hz but far shorter session	Figure-8	Left DLPFC	iTBS	50 (triplet @5Hz)	120% RMT	600	~18,000 (30)	MRI-navigation / 5.5 cm	~3 min	up to 30	iTBS non-inferior to 10Hz rTMS; enabled high patient throughput	https://pubmed.ncbi.nlm.nih.gov/?term=Blumberger%202018%20TMS
☺	Depression (MDD)	Deep TMS (H1)		Levkovitz	Israel / multinational	2015	World Psychiatry	Efficacy and safety of deep TMS for major depression: a prospective multicenter randomized controlled trial	RCT, n=212	BrainsWay H1 coil; FDA cleared 2013	H1 deep coil	Bilateral PFC (L>R)	dTMS	18	120% RMT	1980	~39,600 (20)	Beam/marked from motor threshold	~20 min	20 + maintenance	Active > sham on HDRS; FDA-cleared deep TMS for MDD	https://pubmed.ncbi.nlm.nih.gov/?term=Levkovitz%202015%20TMS
☺	Depression (MDD)	Accelerated iTBS (proof-of-concept)		Cole (SAINT)	USA (Stanford)	2020	Am J Psychiatry	Stanford Accelerated Intelligent Neuromodulation Therapy for Treatment-Resistant Depression (SAINT-TRD)	Open-label, n=21	Launched accelerated fMRI-guided field	Figure-8	Left DLPFC (fMRI, sgACC-anticorrelated)	Accelerated iTBS	50	90% rMT (depth-corrected)	1800	90,000 (10/day x 5 d)	fMRI functional-connectivity	10 x ~10 min/day	50 (5 days)	~90% remission open-label; hypothesis-generating	https://pubmed.ncbi.nlm.nih.gov/?term=Cole%20SAINT%202020%20TMS
☺	Depression (MDD)	Accelerated iTBS RCT		Cole (SNT)	USA (Stanford)	2022	Am J Psychiatry	Stanford Neuromodulation Therapy (SNT): a double-blind randomized controlled trial	RCT, sham, n=29	Confirmatory; SAINT FDA-cleared 2022	Figure-8	Left DLPFC (fMRI-guided)	Accelerated iTBS	50	90% rMT	1800	90,000	fMRI functional-connectivity	10/day x 5 days	50	Remission 78.6% active vs 13.3% sham (MADRS)	https://pubmed.ncbi.nlm.nih.gov/?term=Cole%20SNT%202022%20TMS
☺	Depression (MDD)	Naturalistic effectiveness		Carpenter	USA (42 sites)	2012	Depress Anxiety	TMS for major depression: a multisite naturalistic observational study of acute outcomes in clinical practice	Observational, n=307	Real-world effectiveness registry	Figure-8	Left DLPFC	rTMS	10	120% RMT	3000	—	5 cm / clinical	~37 min	~28 avg	Response 58%, remission 37% (CGI-S); real-world validation	https://pubmed.ncbi.nlm.nih.gov/?term=Carpenter%202012%20TMS
☺	Depression (MDD)	Meta-analysis		Berlim	Canada	2014	Neuropsychopharmacology	Response and remission rates with HF-rTMS in MDD: systematic review and meta-analysis of RCTs	Meta-analysis, 29 RCTs	Pooled HF-rTMS vs sham	Figure-8	Left DLPFC	rTMS (HF)	10	110-120% RMT	—	—	—	—	—	Response OR ~3.3, remission OR ~5.1 vs sham	https://pubmed.ncbi.nlm.nih.gov/?term=Berlim%202014%20TMS
☺	Depression (MDD)	Network meta-analysis		Brunoni	Brazil / intl	2017	JAMA Psychiatry	Repetitive TMS for the acute treatment of major depressive episodes: systematic review and network meta-analysis	NMA, 81 RCTs, n≈4233	Compares protocol families	—	DLPFC	rTMS / TBS / dTMS	various	—	—	—	—	—	—	All active protocols > sham; priming, bilateral, HF-left, iTBS effective	https://pubmed.ncbi.nlm.nih.gov/?term=Brunoni%202017%20TMS
☺	Depression (MDD)	Sequential bilateral		Fitzgerald	Australia	2006	Arch Gen Psychiatry	A randomized trial of rTMS in treatment-resistant depression (sequential bilateral)	RCT	LF right then HF left DLPFC	Figure-8	Bilateral DLPFC	rTMS	1 (R) + 10 (L)	100-110% RMT	—	—	—	—	up to 30	Sequential bilateral rTMS effective in TRD	https://pubmed.ncbi.nlm.nih.gov/?term=Fitzgerald%202006%20TMS
☺	OCD	Deep TMS pivotal		Carmi	Israel / USA multicenter	2019	Am J Psychiatry	Efficacy and safety of deep TMS for OCD: a prospective multicenter randomized double-blind placebo-controlled trial	RCT, n=99	Symptom provocation before each session; FDA cleared H7 (2018)	H7 deep coil	dmPFC + ACC	dTMS	20	100% MT	2000	58,000 (29)	Individualized provocation + coil position	~18 min	29 (6 wk)	Response 38% vs 11% sham (YBOCS); FDA clearance for OCD	https://pubmed.ncbi.nlm.nih.gov/?term=Carmi%202019%20TMS
☺	OCD	SMA rTMS (pilot)		Mantovani	USA	2010	Int J Neuropsychopharmacol	Randomized sham-controlled trial of rTMS to the SMA for OCD and Tourette syndrome	RCT pilot	Low-frequency pre-SMA	Figure-8	Pre-SMA (bilateral)	rTMS	1	100% MT	1200	—	midline SMA	~20 min	~20	LF SMA reduced OCD symptom severity	https://pubmed.ncbi.nlm.nih.gov/?term=Mantovani%202010%20TMS
☺	OCD	Real-world registry		Roth / Tendler	multi-site (22)	2021	J Psychiatr Res	Real-world efficacy of deep TMS for OCD: post-marketing data from 22 clinical sites	Registry / post-marketing	Confirms pivotal in practice	H7 deep coil	dmPFC / ACC	dTMS	20	100% MT	2000	—	provocation	~18 min	~20-29	Meaningful YBOCS response in majority; durable	https://pubmed.ncbi.nlm.nih.gov/?term=Roth%20%2F%20Tendler%202021%20TMS
☺	Addiction – Smoking	Deep TMS pivotal		Zangen	Israel / US / EU multicenter	2021	World Psychiatry	Repetitive deep TMS for smoking cessation: a multicenter randomized double-blind controlled trial	RCT, n=262	FDA cleared H4 (2020) - first TMS device for addiction	H4 deep coil	Bilateral lateral PFC + insula	dTMS	10	120% MT	1800	~32,400 (18)	smoking-cue provocation	~15 min	18 (15 daily + 3 weekly)	Continuous quit rate (completers) 28% vs 12% sham; ITT 19.4% vs 8.7%; first FDA clearance for an addiction indication	https://pubmed.ncbi.nlm.nih.gov/?term=Zangen%202021%20TMS
☺	Addiction – Smoking	Pilot		Dinur-Klein	Israel	2014	Biol Psychiatry	Smoking cessation induced by deep rTMS of the prefrontal and insular cortices	RCT	HF dTMS + cue provocation	H-coil	PFC + insula	dTMS	10	120% MT	1800	—	cue provocation	—	13	HF dTMS reduced cigarette consumption and craving	https://pubmed.ncbi.nlm.nih.gov/?term=Dinur-Klein%202014%20TMS
☺	Addiction – Cocaine	DLPFC rTMS (pilot)		Terraneo	Italy	2016	Eur Neuropsychopharmacol	TMS of dorsolateral prefrontal cortex reduces cocaine use: a pilot study	RCT / pilot	HF left DLPFC vs pharmacological	Figure-8	Left DLPFC	rTMS	15	100% RMT	2400	—	5 cm	—	~8 + maintenance	Reduced cocaine craving and use vs control	https://pubmed.ncbi.nlm.nih.gov/?term=Terraneo%202016%20TMS
☺	Addiction – Alcohol	Right DLPFC rTMS		Mishra	India	2010	Addiction	HF rTMS of right DLPFC for craving in alcohol dependence	RCT	Right DLPFC 10Hz	Figure-8	Right DLPFC	rTMS	10	110% RMT	1000	10,000 (10)	—	—	10	Reduced alcohol craving vs sham	https://pubmed.ncbi.nlm.nih.gov/?term=Mishra%202010%20TMS
☺	Anxious depression	FDA label expansion		(BrainsWay / Neuronetics)	USA	2020	(regulatory + trials)	Deep TMS / rTMS clearance for comorbid anxiety symptoms in MDD ("anxious depression")	Regulatory + pooled trials	FDA 2020 expanded indications	H1 / Figure-8	Left DLPFC	dTMS / rTMS	18 / 10	120%	1980 / 3000	—	standard	~20-37 min	20-30	Improves anxiety symptoms in patients treated for MDD	https://www.fda.gov/
☺ (modest)	Generalized anxiety (GAD)	LF right DLPFC		Diefenbach	USA	2016	Br J Psychiatry	LF rTMS of the right DLPFC for generalized anxiety disorder: randomized sham-controlled trial	RCT pilot	1Hz right DLPFC	Figure-8	Right DLPFC	rTMS	1	90% RMT	900	—	5 cm / F4	~30 min	30	LF right DLPFC reduced GAD symptoms vs sham	https://pubmed.ncbi.nlm.nih.gov/?term=Diefenbach%202016%20TMS
☺	PTSD	HF right DLPFC		Cohen	Israel	2004	Am J Psychiatry	Repetitive TMS of the right dorsolateral prefrontal cortex in PTSD: double-blind placebo-controlled study	RCT	10Hz right DLPFC	Figure-8	Right DLPFC	rTMS	10	80% MT	400	4000 (10)	5 cm	—	10	HF right DLPFC reduced core PTSD symptoms	https://pubmed.ncbi.nlm.nih.gov/?term=Cohen%202004%20TMS
☺	PTSD	rTMS + exposure		Kozel	USA (VA)	2018	J Affect Disord	Repetitive TMS combined with cognitive/exposure therapy for PTSD in veterans	RCT	rTMS augmenting psychotherapy	Figure-8	Right DLPFC	rTMS	1	110% RMT	—	—	—	—	up to 12-15	rTMS augmented psychotherapy response vs sham+therapy	https://pubmed.ncbi.nlm.nih.gov/?term=Kozel%202018%20TMS
☺	Schizophrenia	Auditory hallucinations		Hoffman	USA (Yale)	2003	Arch Gen Psychiatry	TMS of left temporoparietal cortex and medication-resistant auditory hallucinations	RCT crossover	LF 1Hz temporoparietal	Figure-8	Left temporoparietal (T3-P3)	rTMS	1	90% MT	up to 960 (escalating)	—	10-20 T3-P3 midpoint	8-16 min (escalating)	9	1Hz left TPC reduced auditory hallucination severity (n=12); benefit >=12 wk in half of responders	https://pubmed.ncbi.nlm.nih.gov/?term=Hoffman%202003%20TMS
☺ (modest)	Schizophrenia	AVH meta-analysis		Slotema	Netherlands	2014	Biol Psychiatry	Meta-analysis of rTMS for auditory verbal hallucinations	Meta-analysis	Effect wanes over time	Figure-8	Left TPC	rTMS	1	90-110% MT	—	—	—	—	—	Small-moderate short-term effect on AVH	https://pubmed.ncbi.nlm.nih.gov/?term=Slotema%202014%20TMS
☹	Schizophrenia	Negative symptoms		Wobrock	Germany	2015	Biol Psychiatry	rTMS of the left DLPFC for negative symptoms of schizophrenia (RESIS trial)	RCT, n=157	10Hz left DLPFC	Figure-8	Left DLPFC	rTMS	10	110% RMT	1000	15,000 (15)	10-20 system	—	15	No significant benefit over sham for negative symptoms	https://pubmed.ncbi.nlm.nih.gov/?term=Wobrock%202015%20TMS
☺	Migraine	Single-pulse TMS (acute)		Lipton	USA / UK	2010	Lancet Neurol	Single-pulse TMS for acute treatment of migraine with aura: randomised, double-blind, sham-controlled trial	RCT, n=201	sTMS device (eNeura); FDA cleared 2013	Handheld sTMS	Occipital cortex	single-pulse	— (2 pulses)	supra-threshold (fixed)	2	—	occiput at aura onset	seconds	PRN (per attack)	2-h pain-free 39% vs 22% sham	https://pubmed.ncbi.nlm.nih.gov/?term=Lipton%202010%20TMS
☺	Migraine	Prevention (sTMS)		Starling	USA	2018	Cephalalgia	Prevention of migraine with single-pulse TMS (ESPOUSE): open-label observational study	Observational	Preventive daily + acute PRN	Handheld sTMS	Occipital cortex	single-pulse	—	fixed	4 (prevention) + PRN	—	occiput	minutes	daily	Reduced monthly migraine days; FDA prevention clearance	https://pubmed.ncbi.nlm.nih.gov/?term=Starling%202018%20TMS
☺ (modest)	Migraine (chronic)	HF rTMS prophylaxis		(meta-analysis)	—	2018	J Headache Pain	rTMS for migraine prophylaxis: systematic review and meta-analysis	Meta-analysis	HF M1 or DLPFC	Figure-8	M1 / DLPFC	rTMS	10	80-90% RMT	—	—	—	—	—	Possible reduction in migraine frequency; evidence limited	https://pubmed.ncbi.nlm.nih.gov/?term=rTMS%20for%20migraine%20prophylaxis%3A%20systematic%20review%202018
☺	Neuropathic pain	HF M1 rTMS		Lefaucheur	France	2008	Pain	Motor cortex rTMS for chronic neuropathic pain: predictive value and mechanisms	RCT series	HF M1 contralateral to pain; Level A	Figure-8	M1 (somatotopic, contralateral)	rTMS	10	80-90% RMT	1500-2000	—	MRI neuronavigation to M1	~20 min	5-10	HF M1 rTMS produces analgesia (Level A recommendation)	https://pubmed.ncbi.nlm.nih.gov/?term=Lefaucheur%202008%20TMS
☺	Fibromyalgia	M1 rTMS		Passard	France	2007	Brain	Effects of rTMS on pain in fibromyalgia (left primary motor cortex)	RCT	HF left M1	Figure-8	Left M1	rTMS	10	80% RMT	2000	20,000 (10)	navigation	~20 min	10	Reduced pain and improved quality of life	https://pubmed.ncbi.nlm.nih.gov/?term=Passard%202007%20TMS
☺	Chronic pain	Evidence guideline		Lefaucheur	Europe (expert group)	2020	Clin Neurophysiol	Evidence-based guidelines on the therapeutic use of rTMS - update (2014-2018)	Guideline / consensus	Level A/B/C recommendations by indication	Figure-8	M1 / DLPFC	rTMS	10-20	80-90% RMT	—	—	navigation	—	—	Level A: HF-M1 for neuropathic pain; HF-L-DLPFC for depression	https://pubmed.ncbi.nlm.nih.gov/?term=Lefaucheur%202020%20TMS
☺	Stroke – Motor	Ipsilesional HF (early)		Khedr	Egypt	2005	Neurology	Therapeutic trial of repetitive TMS after acute ischemic stroke	RCT	HF ipsilesional M1 early	Figure-8	Ipsilesional M1	rTMS	3	120% RMT	300	3000 (10)	motor hotspot	—	10	Improved motor outcome vs sham in acute stroke	https://pubmed.ncbi.nlm.nih.gov/?term=Khedr%202005%20TMS
☺	Stroke – Motor	Contralesional LF		Fregni	USA / Brazil	2006	Stroke	1Hz rTMS of contralesional motor cortex improves hand function after stroke	RCT	Interhemispheric rebalancing	Figure-8	Contralesional M1	rTMS	1	100-110% RMT	1200	—	motor hotspot	~20 min	5-10	Improved paretic hand motor function	https://pubmed.ncbi.nlm.nih.gov/?term=Fregni%202006%20TMS
☹	Stroke – Motor	Multisite RCT (negative)		Harvey (NICHE)	USA	2018	Stroke	Contralesional 1Hz rTMS with rehabilitation for post-stroke motor recovery (NICHE): sham-controlled trial	RCT, n=199	Both real and sham groups improved	Figure-8	Contralesional M1	rTMS	1	110% RMT	—	—	navigation	—	18	No added benefit over intensive rehabilitation + sham	https://pubmed.ncbi.nlm.nih.gov/?term=Harvey%20NICHE%202018%20TMS
☺	Stroke – Aphasia	Contralesional LF		Naeser / Barwood	USA / Australia	2011	Brain Lang	1Hz rTMS of right pars triangularis improves naming in chronic non-fluent aphasia	RCT / series	Right IFG (Broca homologue) inhibition	Figure-8	Right IFG	rTMS	1	90% RMT	1200	—	navigation	~20 min	10	Improved naming and propositional speech	https://pubmed.ncbi.nlm.nih.gov/?term=Naeser%20%2F%20Barwood%202011%20TMS
☺ (modest)	Stroke – Neglect	Contralesional cTBS		Cazzoli	Switzerland	2012	Brain	Continuous theta-burst over contralesional posterior parietal cortex reduces hemispatial neglect	RCT	cTBS to rebalance attention	Figure-8	Contralesional PPC	cTBS	50	80-100% AMT	600 per train	—	navigation	—	multiple	Reduced neglect symptoms and improved ADL	https://pubmed.ncbi.nlm.nih.gov/?term=Cazzoli%202012%20TMS
☺	Stroke – Dysphagia	Pharyngeal M1 HF		Khedr	Egypt	2009	Acta Neurol Scand	rTMS for post-stroke dysphagia	RCT	HF affected-hemisphere swallowing cortex	Figure-8	Esophageal / pharyngeal M1	rTMS	3	120% RMT	300	1500 (5)	motor hotspot	—	5	Improved swallowing function vs sham	https://pubmed.ncbi.nlm.nih.gov/?term=Khedr%202009%20TMS
☺	Parkinson's disease	M1 / DLPFC meta-analysis		Chou	USA / Taiwan	2015	JAMA Neurol	Effects of rTMS on motor symptoms in Parkinson disease: systematic review and meta-analysis	Meta-analysis, 20 RCTs	HF-M1 beneficial for motor	Figure-8	M1 (bilateral) / DLPFC	rTMS	5-25	80-110% RMT	—	—	navigation	—	multiple	HF rTMS over M1 improved motor scores (UPDRS-III)	https://pubmed.ncbi.nlm.nih.gov/?term=Chou%202015%20TMS
☺ (modest)	Parkinson's – Depression	Left DLPFC		Pal	—	2010	Mov Disord	rTMS of the left DLPFC for depression in Parkinson disease	RCT	5Hz left DLPFC	Figure-8	Left DLPFC	rTMS	5	90% RMT	600	6000 (10)	5 cm	—	10	Improved mood in PD comparable to fluoxetine	https://pubmed.ncbi.nlm.nih.gov/?term=Pal%202010%20TMS
☺ (modest)	Tourette syndrome	SMA LF rTMS		Landeros-Weisenberger	USA	2015	Brain Stimul	Randomized sham-controlled trial of LF rTMS to the SMA for Tourette syndrome	RCT pilot	1Hz SMA	Figure-8	SMA	rTMS	1	110% RMT	1800	—	10-20 system	—	up to 30	Trend toward tic reduction; not statistically robust	https://pubmed.ncbi.nlm.nih.gov/?term=Landeros-Weisenberger%202015%20TMS
☺ (modest)	Tinnitus	LF auditory cortex		Folmer	USA (VA)	2015	JAMA Otolaryngol Head Neck Surg	Repetitive TMS treatment for chronic tinnitus: a randomized clinical trial	RCT, n=64	1Hz over auditory cortex	Figure-8	Left temporoparietal / auditory cortex	rTMS	1	110% RMT	2000	20,000 (10)	navigation	~30 min	10	Response ~56% vs 22% sham; durable in responders	https://pubmed.ncbi.nlm.nih.gov/?term=Folmer%202015%20TMS
☹ / unclear	Alzheimer's disease	rTMS + cognitive training		Sabbagh	USA / Israel	2020	Alzheimers Dement	neuroAD (rTMS + cognitive training) for mild-to-moderate AD: pivotal randomized trial	RCT, n=131	Rotating multi-site cortical targets	Figure-8 (navigated)	DLPFC, Broca, Wernicke, parietal (rotating)	rTMS	10	90-120% RMT	—	—	navigation	~1 hr	30	Did not meet primary endpoint overall; milder subgroup benefit	https://pubmed.ncbi.nlm.nih.gov/?term=Sabbagh%202020%20TMS
☺ (modest)	Cognition (healthy / MCI)	DLPFC meta		(meta-analysis)	—	2016	Neurosci Biobehav Rev	Effects of rTMS on working memory and executive function: meta-analysis	Meta-analysis	Small cognitive effects	Figure-8	DLPFC	rTMS	5-20	—	—	—	—	—	—	Small enhancement of executive function / working memory	https://pubmed.ncbi.nlm.nih.gov/?term=Effects%20of%20rTMS%20on%20working%20memory%202016
☺ (modest)	Bipolar depression	DLPFC rTMS		Tavares	Brazil	2017	Neuropsychopharmacology	rTMS for bipolar depression: randomized sham-controlled trial	RCT	Right LF or left HF DLPFC	Figure-8	DLPFC	rTMS	1-10	110-120% RMT	—	—	5 cm / navigation	—	20	Some antidepressant benefit; low switch risk	https://pubmed.ncbi.nlm.nih.gov/?term=Tavares%202017%20TMS
☺ (modest)	Eating disorders	Left DLPFC		Dalton	UK	2018	Eur Eat Disord Rev	rTMS of left DLPFC for severe enduring anorexia nervosa: feasibility RCT	RCT feasibility	HF left DLPFC	Figure-8	Left DLPFC	rTMS	10	110% RMT	1000	20,000 (20)	EEG 10-20	—	20	Reduced core AN symptoms in a subset; feasible	https://pubmed.ncbi.nlm.nih.gov/?term=Dalton%202018%20TMS
☺ (modest)	Autism spectrum	dmPFC deep rTMS		Enticott	Australia	2014	Brain Stimul	Double-blind sham-controlled trial of deep rTMS for autism spectrum disorder	RCT	dmPFC dTMS	H-coil	dmPFC	dTMS	5	100% RMT	1500	15,000 (10)	standard	—	10	Reduced social-relating difficulties vs sham	https://pubmed.ncbi.nlm.nih.gov/?term=Enticott%202014%20TMS
☺ (modest)	Disorders of consciousness	Precuneus / DLPFC		(systematic review)	—	2019	Brain Stimul	rTMS in disorders of consciousness: systematic review	Systematic review	Signs of arousal in minimally conscious state	Figure-8	DLPFC / precuneus	rTMS	10-20	90-100% RMT	—	—	navigation	—	variable	Transient CRS-R improvement in some minimally conscious patients	https://pubmed.ncbi.nlm.nih.gov/?term=rTMS%20in%20disorders%20of%20consciousness%3A%20systematic%202019
☺	Neurosurgery (mapping)	Motor / language mapping		Picht	Germany	2011	Neurosurgery	Preoperative functional mapping with navigated TMS compared with direct cortical stimulation	Validation study	Non-invasive presurgical mapping (nTMS)	Figure-8 (navigated)	M1 / language cortex	single-pulse nTMS	— (single)	supra-threshold	—	—	MRI neuronavigation	—	1 (mapping session)	nTMS motor maps concordant with intraoperative direct cortical stimulation	https://pubmed.ncbi.nlm.nih.gov/?term=Picht%202011%20TMS
⚔ ref	Methodology	Safety guidelines		Rossi	Intl consensus (IFCN)	2009	Clin Neurophysiol	Safety, ethical considerations, and application guidelines for the use of TMS in clinical practice and research	Consensus guideline	Foundational safety document	—	—	—	—	—	—	—	—	—	—	Seizure-risk parameters and dosing safety tables (widely adopted)	https://pubmed.ncbi.nlm.nih.gov/?term=Rossi%202009%20TMS
⚔ ref	Methodology	Safety update		Rossi	IFCN	2021	Clin Neurophysiol	Safety and recommendations for TMS use in healthy subjects and patient populations (updated guidelines)	Consensus guideline	2021 update incl. TBS & accelerated protocols	—	—	—	—	—	—	—	—	—	—	Updated safety tables incl. theta-burst, home and accelerated protocols	https://pubmed.ncbi.nlm.nih.gov/?term=Rossi%202021%20TMS
⚔ ref	Methodology	Efficacy guidelines		Lefaucheur	Europe (expert group)	2020	Clin Neurophysiol	Evidence-based guidelines on the therapeutic use of rTMS: an update (2014-2018)	Guideline / consensus	Grades recommendations by indication	—	—	rTMS / TBS / dTMS	—	—	—	—	—	—	—	Level A: HF-L-DLPFC (depression), HF-M1 (neuropathic pain)	https://pubmed.ncbi.nlm.nih.gov/?term=Lefaucheur%202020%20TMS
☺	Depression (MDD)	First controlled evidence		Pascual-Leone	USA / Spain	1996	Lancet	Rapid-rate TMS of left DLPFC in drug-resistant depression	RCT crossover, n=17	First controlled antidepressant signal	Figure-8	Left DLPFC	rTMS	10	90% MT	—	—	5 cm	—	5 (crossover)	Marked mood improvement vs sham; foundational study	https://pubmed.ncbi.nlm.nih.gov/?term=Pascual-Leone%201996%20TMS
☺	Depression (MDD)	Early daily-paradigm crossover		George	USA (NIH)	1997	Am J Psychiatry	Mood improvement following daily left prefrontal rTMS: placebo-controlled crossover	RCT crossover, n=12	Established daily L-DLPFC paradigm	Figure-8	Left DLPFC	rTMS	20	80% MT	800	—	5 cm	—	10 (crossover)	Modest but significant mood improvement vs sham	https://pubmed.ncbi.nlm.nih.gov/?term=George%201997%20TMS
☺	Depression (MDD)	LF right DLPFC		Klein	Israel	1999	Arch Gen Psychiatry	Therapeutic efficacy of 1Hz rTMS of right prefrontal cortex in major depression	RCT, n=70	Low-frequency right-sided alternative	Figure-8	Right DLPFC	rTMS	1	110% MT	120	—	5 cm	—	10	1Hz right DLPFC superior to sham	https://pubmed.ncbi.nlm.nih.gov/?term=Klein%201999%20TMS
☺ (modest)	Depression (MDD)	HF sham-controlled		Avery	USA	2006	Biol Psychiatry	A controlled study of repetitive TMS in medication-resistant major depression	RCT, n=68	10Hz L-DLPFC	Figure-8	Left DLPFC	rTMS	10	110% MT	1600	—	5 cm	—	15	Response 30.6% vs 6.1% sham	https://pubmed.ncbi.nlm.nih.gov/?term=Avery%202006%20TMS
☹	Depression (MDD)	Add-on negative trial		Herwig	Germany (multicenter)	2007	Br J Psychiatry	Add-on rTMS for the treatment of depression: a multicentre randomized controlled trial	RCT, n=127	rTMS added to newly started antidepressant	Figure-8	Left DLPFC	rTMS	10	110% MT	2000	—	5 cm / neuronavigation subset	—	15	No significant benefit over sham as add-on (valid negative)	https://pubmed.ncbi.nlm.nih.gov/?term=Herwig%202007%20TMS
☺	Depression (MDD)	Sequential bilateral		Fitzgerald	Australia	2003	Arch Gen Psychiatry	TMS in treatment-resistant depression (LF-right + HF-left sequential)	RCT	Bilateral sequential paradigm	Figure-8	Bilateral DLPFC	rTMS	1 (R) + 10 (L)	100-110% RMT	—	—	5 cm	—	up to 20	Bilateral sequential rTMS effective vs sham	https://pubmed.ncbi.nlm.nih.gov/?term=Fitzgerald%202003%20TMS
☺	Depression (MDD)	rTMS vs ECT meta-analysis		Berlim	Canada	2013	Psychol Med	HF-rTMS versus ECT for major depression: systematic review and meta-analysis of RCTs	Meta-analysis, 7 RCTs, n=294	Head-to-head comparison	—	Left DLPFC vs ECT	rTMS vs ECT	10	—	—	—	—	—	—	ECT more efficacious for remission; rTMS better tolerated	https://pubmed.ncbi.nlm.nih.gov/?term=Berlim%202013%20TMS
☺	Depression (MDD)	Network meta-analysis		Mutz	UK	2019	BMJ	Comparative efficacy and acceptability of non-surgical brain stimulation for depression: network meta-analysis	NMA, 113 RCTs	Ranks modalities	—	DLPFC / bitemporal	rTMS / TBS / tDCS / ECT	various	—	—	—	—	—	—	bitemporal ECT highest (OR 8.9); HF-L-rTMS OR 3.17 vs sham; iTBS effective	https://pubmed.ncbi.nlm.nih.gov/?term=Mutz%202019%20TMS
☺	Depression (MDD)	Accelerated iTBS		Blumberger (CARTBIND)	Canada	2021	Brain Stimul	Accelerated iTBS (3x/day) for treatment-resistant depression	RCT / feasibility	Accelerated, non-fMRI-guided	Figure-8	Left DLPFC	Accelerated iTBS	50	120% RMT	600 (x3/day)	—	MRI-navigation / F3	~9 min x3	multiple/day	Accelerated iTBS feasible; efficacy comparable to daily iTBS	https://pubmed.ncbi.nlm.nih.gov/?term=Blumberger%20CARTBIND%202021%20TMS
☺	Depression (MDD)	Adolescent RCT		Croarkin	USA (multisite)	2021	Neuropsychopharmacology	rTMS for adolescent treatment-resistant depression: randomized sham-controlled trial	RCT (adolescents)	Basis of FDA adolescent clearance (2024)	Figure-8	Left DLPFC	rTMS	10	120% RMT	3000	—	5 cm / MRI	~37 min	up to 30	Blinded phase modest; open-label robust; supports adolescent use	https://pubmed.ncbi.nlm.nih.gov/?term=Croarkin%202021%20TMS
☺	Depression (MDD)	Deep TMS late-life		Kaster	Canada	2018	Neuropsychopharmacology	Deep TMS for late-life treatment-resistant depression: randomized sham-controlled trial	RCT (elderly)	H1 coil in older adults	H1 deep coil	Bilateral PFC (L>R)	dTMS	18	120% RMT	1980	—	standard	~20 min	up to 30	Higher remission with active dTMS in older adults	https://pubmed.ncbi.nlm.nih.gov/?term=Kaster%202018%20TMS
☺ (modest)	Depression (MDD)	Small HF RCT		Berman	USA (Yale)	2000	Biol Psychiatry	A controlled trial of daily left prefrontal rTMS in depression	RCT, n=20	20Hz L-DLPFC	Figure-8	Left DLPFC	rTMS	20	80% MT	800	—	5 cm	—	10	Modest antidepressant effect vs sham	https://pubmed.ncbi.nlm.nih.gov/?term=Berman%202000%20TMS
☺	Depression (MDD)	Bilateral TBS RCT		Blumberger	Canada	2016	Am J Psychiatry	Bilateral theta-burst stimulation for treatment-resistant depression: randomized trial	RCT	cTBS right + iTBS left	Figure-8	Bilateral DLPFC	cTBS + iTBS	50	120% RMT	—	—	MRI-navigation	—	up to 30	Bilateral TBS reduced depression; supports TBS paradigms	https://pubmed.ncbi.nlm.nih.gov/?term=Blumberger%202016%20TMS
☺	Depression (MDD)	Meta-analysis (sham-controlled)		Chen	Australia	2013	J Clin Neurosci	rTMS for treatment-resistant depression: systematic review and meta-analysis	Meta-analysis	Pooled HF-L-DLPFC	Figure-8	Left DLPFC	rTMS	10	—	—	—	—	—	—	Significant antidepressant effect vs sham; supports clinical use	https://pubmed.ncbi.nlm.nih.gov/?term=Chen%202013%20TMS
☺	OCD	OFC low-frequency		Ruffini	Italy	2009	J Clin Psychiatry	LF rTMS of the orbitofrontal cortex for treatment-resistant OCD: sham-controlled study	RCT, n=23	1Hz left OFC, 15 sessions	Figure-8	Left OFC	rTMS	1	80% MT	600	9000 (15)	EEG position	—	15	Significant YBOCS reduction vs sham (transient)	https://pubmed.ncbi.nlm.nih.gov/?term=Ruffini%202009%20TMS
☺	OCD	Pre-SMA low-frequency		Gomes	Brazil	2012	J Clin Psychiatry	LF rTMS of the pre-SMA for treatment-resistant OCD: randomized sham-controlled trial	RCT, n=22	~40% responders	Figure-8	Pre-SMA (bilateral)	rTMS	1	100% MT	1200	—	midline SMA	~20 min	10	~40% response; YBOCS reduced vs sham	https://pubmed.ncbi.nlm.nih.gov/?term=Gomes%202012%20TMS
☺ (modest)	OCD	OFC crossover		Nauczyciel	France	2014	Transl Psychiatry	rTMS over the OFC for OCD: double-blind crossover study	RCT crossover	1Hz right OFC	Figure-8	Right OFC	rTMS	1	—	—	—	neuronavigation	—	crossover	Reduced OCD symptoms vs sham in crossover	https://pubmed.ncbi.nlm.nih.gov/?term=Nauczyciel%202014%20TMS
☹	OCD	Pre-SMA negative		Pelissolo	France	2016	Br J Psychiatry	LF rTMS of the pre-SMA for treatment-resistant OCD: randomized controlled trial	RCT, n=40	Larger negative trial	Figure-8	Pre-SMA	rTMS	1	100% MT	1500	—	midline SMA	—	20	No significant benefit over sham (valid negative)	https://pubmed.ncbi.nlm.nih.gov/?term=Pelissolo%202016%20TMS
☺	OCD	Meta-analysis		Berlim	Canada	2013	J Psychiatr Res	rTMS for OCD: exploratory meta-analysis of randomized sham-controlled trials	Meta-analysis, 10 RCTs, n=282	Pooled effect	—	OFC / SMA / DLPFC	rTMS	various	—	—	—	—	—	—	Response 35% vs 13% sham; non-DLPFC (OFC/SMA) most promising	https://pubmed.ncbi.nlm.nih.gov/?term=Berlim%202013%20TMS
☺	Addiction – Smoking	HF L-DLPFC + cue		Amiaz	Israel	2009	Addiction	HF rTMS of left DLPFC reduces cigarette consumption and craving	RCT, n=48	10Hz + smoking-cue provocation	Figure-8	Left DLPFC	rTMS	10	100% RMT	1000	10,000 (10)	5 cm	—	10	Reduced consumption and craving vs sham	https://pubmed.ncbi.nlm.nih.gov/?term=Amiaz%202009%20TMS
☹	Addiction – Alcohol	Right DLPFC negative		Höppner	Germany	2011	World J Biol Psychiatry	HF rTMS of right DLPFC in alcohol dependence: sham-controlled trial	RCT	Craving not reduced	Figure-8	Right DLPFC	rTMS	20	90% MT	1000	—	5 cm	—	10	No significant effect on craving (valid negative)	https://pubmed.ncbi.nlm.nih.gov/?term=H%C3%B6ppner%202011%20TMS
☺ (modest)	Addiction – Cocaine	dTMS pilot		Bolloni	Italy	2016	Front Psychiatry	Deep rTMS of medial PFC for cocaine use disorder: pilot randomized trial	RCT pilot	dmPFC dTMS	H-coil	Medial PFC	dTMS	10	100% RMT	—	—	standard	—	multiple	Reduced cocaine intake in pilot	https://pubmed.ncbi.nlm.nih.gov/?term=Bolloni%202016%20TMS
☺ (modest)	Addiction – Food craving	L-DLPFC (bulimia)		Van den Eynde	UK	2010	Biol Psychiatry	HF rTMS of left DLPFC reduces food craving in bulimic disorders	RCT	10Hz L-DLPFC	Figure-8	Left DLPFC	rTMS	10	110% RMT	1000	—	5 cm	—	1 (single session)	Reduced cue-induced food craving vs sham	https://pubmed.ncbi.nlm.nih.gov/?term=Van%20den%20Eynde%202010%20TMS
☺	PTSD	HF bilateral DLPFC		Boggio	Brazil	2010	J Clin Psychiatry	20Hz rTMS of right vs left DLPFC in PTSD: sham-controlled trial	RCT, n=30	Effect larger on right; sustained 3 mo	Figure-8	Right / Left DLPFC	rTMS	20	80% MT	1600	—	5 cm	—	10	Both active arms reduced PTSD symptoms vs sham	https://pubmed.ncbi.nlm.nih.gov/?term=Boggio%202010%20TMS
☺	PTSD	LF right DLPFC		Watts	USA (VA)	2012	Depress Anxiety	1Hz rTMS of right DLPFC for PTSD: randomized sham-controlled trial	RCT, n=20	Sustained 2 mo	Figure-8	Right DLPFC	rTMS	1	90% MT	—	—	5 cm	—	10	Reduced PTSD and depression symptoms vs sham	https://pubmed.ncbi.nlm.nih.gov/?term=Watts%202012%20TMS
☺ (modest)	PTSD	Meta-analysis		Kan	Netherlands / intl	2020	Transl Psychiatry	rTMS for PTSD: systematic review and meta-analysis of RCTs	Meta-analysis	Pooled RCTs	Figure-8	DLPFC (mostly right)	rTMS	1 / 10-20	—	—	—	—	—	—	rTMS reduces PTSD symptoms vs sham (moderate effect)	https://pubmed.ncbi.nlm.nih.gov/?term=Kan%202020%20TMS
☺	Schizophrenia	AVH RCT (replication)		Hoffman	USA (Yale)	2005	Biol Psychiatry	Temporoparietal rTMS for auditory hallucinations: randomized controlled trial	RCT, n=50	Replication of 2003	Figure-8	Left temporoparietal	rTMS	1	90% MT	up to 1000	—	T3-P3	~16 min	9-12	Reduced AVH vs sham (moderate effect)	https://pubmed.ncbi.nlm.nih.gov/?term=Hoffman%202005%20TMS
☹	Schizophrenia	AVH negative RCT		Slotema	Netherlands	2011	J Clin Psychiatry	rTMS of the left temporoparietal cortex for AVH: randomized controlled trial	RCT	fMRI-guided vs standard vs sham	Figure-8	Left temporoparietal	rTMS	1	90% MT	1200	—	fMRI / 10-20	—	15	No superiority over sham in this trial (valid negative)	https://pubmed.ncbi.nlm.nih.gov/?term=Slotema%202011%20TMS
☺ (modest)	Schizophrenia	Negative symptoms HF		Prikryl	Czech Republic	2013	Schizophr Res	HF rTMS of left DLPFC for negative symptoms: randomized sham-controlled trial	RCT	10Hz L-DLPFC	Figure-8	Left DLPFC	rTMS	10	110% MT	2000	—	10-20	—	15-20	Reduced negative symptoms vs sham (contrasts RESIS)	https://pubmed.ncbi.nlm.nih.gov/?term=Prikryl%202013%20TMS
☺ (modest)	Migraine	HF DLPFC chronic		Brighina	Italy	2004	J Neurol Sci	HF rTMS of left DLPFC in chronic migraine: pilot sham-controlled study	RCT pilot	12 sessions HF L-DLPFC	Figure-8	Left DLPFC	rTMS	20	90% MT	400	—	5 cm	—	12	Reduced migraine frequency in pilot	https://pubmed.ncbi.nlm.nih.gov/?term=Brighina%202004%20TMS
☺	Migraine	HF M1 prophylaxis		Misra	India	2013	J Neurol	HF rTMS of M1 for migraine prophylaxis: randomized sham-controlled trial	RCT	10Hz M1	Figure-8	Motor cortex (M1)	rTMS	10	—	600	—	motor hotspot	—	3	Reduced headache frequency and severity vs sham	https://pubmed.ncbi.nlm.nih.gov/?term=Misra%202013%20TMS
☺	Neuropathic pain	M1 rTMS RCT		Khedr	Egypt	2005	J Neurol Neurosurg Psychiatry	rTMS of motor cortex in chronic neuropathic pain (trigeminal / post-stroke)	RCT	20Hz M1	Figure-8	Motor cortex (M1)	rTMS	20	80% RMT	2000	—	motor hotspot	—	5	Significant pain reduction vs sham	https://pubmed.ncbi.nlm.nih.gov/?term=Khedr%202005%20TMS
☺ (modest)	Neuropathic pain	M1 rTMS methodology		André-Obadia	France	2011	Neurophysiol Clin	Motor cortex rTMS for neuropathic pain: navigation and sham-coil methodology	RCT (methodology)	HF M1, sham-coil control	Figure-8	Motor cortex (M1)	rTMS	20	80-90% RMT	1600	—	neuronavigation	—	—	HF M1 analgesia; refined sham-coil design	https://pubmed.ncbi.nlm.nih.gov/?term=Andr%C3%A9-Obadia%202011%20TMS
☺	Chronic pain	Cochrane review		O'Connell	UK	2018	Cochrane Database Syst Rev	Non-invasive brain stimulation for chronic pain: Cochrane systematic review	Systematic review	Cochrane	—	Motor cortex (M1)	rTMS	HF	—	—	—	—	—	—	Short-term pain reduction with HF-M1 rTMS (low-moderate quality)	https://pubmed.ncbi.nlm.nih.gov/?term=O'Connell%202018%20TMS
☺ (modest)	CRPS	M1 rTMS		Picarelli	Brazil	2010	J Pain	HF rTMS of M1 for complex regional pain syndrome type I	RCT	10Hz M1	Figure-8	Motor cortex (M1)	rTMS	10	100% RMT	2000	—	motor hotspot	—	10	Reduced CRPS pain vs sham	https://pubmed.ncbi.nlm.nih.gov/?term=Picarelli%202010%20TMS
☺ (modest)	Phantom limb pain	M1 rTMS		Ahmed	Egypt	2011	J Neurol	HF rTMS of M1 for phantom limb pain: randomized sham-controlled trial	RCT	20Hz M1 contralateral	Figure-8	Motor cortex (M1)	rTMS	20	80% RMT	1500	—	motor hotspot	—	5	Reduced phantom limb pain vs sham (short-term)	https://pubmed.ncbi.nlm.nih.gov/?term=Ahmed%202011%20TMS
☺	Stroke – Aphasia	Right IFG RCT		Thiel	Canada / Germany	2013	Stroke	rTMS of right IFG improves language in subacute post-stroke aphasia	RCT, n=24	1Hz right pars triangularis vs vertex	Figure-8	Right IFG (pars triangularis)	rTMS	1	90% RMT	1200	—	neuronavigation	~20 min	10	Improved language recovery vs control	https://pubmed.ncbi.nlm.nih.gov/?term=Thiel%202013%20TMS
☺ (modest)	Stroke – Aphasia	NORTHSTAR RCT		NORTHSTAR (Georgiou)	Canada / US / Germany	2021	Brain Stimul	Non-invasive brain stimulation as add-on for subacute post-stroke aphasia (NORTHSTAR)	RCT, n=63	1Hz right IFG / ctDCS / sham	Figure-8	Right IFG	rTMS	1	90% RMT	1200	—	neuronavigation	—	10	Delayed positive effect on naming recovery	https://pubmed.ncbi.nlm.nih.gov/?term=NORTHSTAR%20Georgiou%202021%20TMS
☺	Stroke – Aphasia	Meta-analysis		Ren	China	2014	PLoS One	Effect of LF rTMS on aphasia in stroke patients: meta-analysis of RCTs	Meta-analysis	LF right IFG	Figure-8	Right IFG	rTMS	1	90% RMT	—	—	—	—	—	LF rTMS improves naming/language vs control	https://pubmed.ncbi.nlm.nih.gov/?term=Ren%202014%20TMS
☺	Stroke – Motor	Meta-analysis		Hsu	Taiwan	2012	Stroke	Effects of rTMS on motor recovery after stroke: a meta-analysis	Meta-analysis, 18 studies	LF contralesional / HF ipsilesional	Figure-8	M1 (contra / ipsi)	rTMS	1 / 10	—	—	—	—	—	—	Improves motor outcome; larger effect for LF contralesional and subcortical stroke	https://pubmed.ncbi.nlm.nih.gov/?term=Hsu%202012%20TMS
☺ (modest)	Stroke – Motor	LF vs HF RCT		Du	China	2016	Neurology	LF vs HF rTMS for motor recovery in acute stroke: randomized controlled trial	RCT	Both active arms	Figure-8	Contralesional / ipsilesional M1	rTMS	1 / 3	90-110% RMT	—	—	navigation	—	multiple	Both LF and HF rTMS improved motor outcome vs sham	https://pubmed.ncbi.nlm.nih.gov/?term=Du%202016%20TMS
☺ (modest)	Stroke – Dysphagia	Meta-analysis		Yang	China	2015	Clin Rehabil	rTMS for post-stroke dysphagia: systematic review and meta-analysis	Meta-analysis	Pooled RCTs	Figure-8	Pharyngeal M1	rTMS	1 / 3	—	—	—	—	—	—	rTMS improves swallowing function vs control	https://pubmed.ncbi.nlm.nih.gov/?term=Yang%202015%20TMS
☺ (modest)	Stroke – Neglect	cTBS RCT		Kim	South Korea	2013	Neurorehabil Neural Repair	cTBS of contralesional PPC for hemispatial neglect after stroke	RCT	Contralesional parietal cTBS	Figure-8	Contralesional PPC	cTBS	50	80-100% AMT	600	—	neuronavigation	—	multiple	Reduced neglect vs sham	https://pubmed.ncbi.nlm.nih.gov/?term=Kim%202013%20TMS
☺ (modest)	Parkinson's disease	M1 rTMS motor		Maruo	Japan	2013	Mov Disord	HF rTMS of bilateral M1 improves motor symptoms in Parkinson disease	RCT	10Hz M1 bilateral	Figure-8	Motor cortex (M1)	rTMS	10	90% RMT	1000	—	motor hotspot	—	multiple	Improved UPDRS-III vs sham	https://pubmed.ncbi.nlm.nih.gov/?term=Maruo%202013%20TMS
☹	Parkinson's disease	iTBS negative		Benninger	USA (NIH)	2011	Neurology	Intermittent theta-burst stimulation in Parkinson disease: randomized sham-controlled trial	RCT	M1/DLPFC iTBS	Figure-8	M1 / DLPFC	iTBS	50	80% AMT	600	—	navigation	—	8	No significant motor benefit over sham (valid negative)	https://pubmed.ncbi.nlm.nih.gov/?term=Benninger%202011%20TMS
☺ (modest)	Essential tremor	Cerebellar LF rTMS		Popa	France	2013	Cerebellum	1Hz rTMS of the cerebellum reduces essential tremor	RCT / series	Bilateral cerebellar 1Hz	Figure-8	Cerebellum	rTMS	1	90% RMT	900	—	cerebellar landmarks	—	5-10	Transient tremor reduction	https://pubmed.ncbi.nlm.nih.gov/?term=Popa%202013%20TMS
☺ (modest)	Parkinson's – Freezing of gait	SMA rTMS		Kim	South Korea	2018	Restor Neurol Neurosci	rTMS of the SMA for freezing of gait in Parkinson disease	RCT	HF SMA	Figure-8	SMA	rTMS	10	90% RMT	1000	—	10-20	—	multiple	Improved freezing-of-gait measures vs sham	https://pubmed.ncbi.nlm.nih.gov/?term=Kim%202018%20TMS
☺ (modest)	Tinnitus	LF temporal		Langguth	Germany	2012	Lancet Neurol (review)	LF rTMS of auditory cortex for chronic tinnitus	RCT / review	1Hz left temporal	Figure-8	Left auditory / temporal cortex	rTMS	1	110% RMT	2000	—	navigation / 10-20	—	10	Modest tinnitus reduction; heterogeneous results	https://pubmed.ncbi.nlm.nih.gov/?term=Langguth%202012%20TMS
☺ (modest)	Tinnitus	Cochrane review		Meng	China	2011	Cochrane Database Syst Rev	rTMS for tinnitus: Cochrane systematic review	Systematic review	Low-quality evidence	Figure-8	Auditory cortex	rTMS	1	—	—	—	—	—	—	Limited low-quality evidence of benefit	https://pubmed.ncbi.nlm.nih.gov/?term=Meng%202011%20TMS
☺ (modest)	Alzheimer's disease	DLPFC naming		Cotelli	Italy	2011	Neurodegener Dis	rTMS of DLPFC improves naming and cognition in Alzheimer disease	RCT / series	HF DLPFC	Figure-8	DLPFC (bilateral)	rTMS	20	100% RMT	—	—	10-20	—	multiple	Improved naming / auditory comprehension	https://pubmed.ncbi.nlm.nih.gov/?term=Cotelli%202011%20TMS
☺ (modest)	Alzheimer's disease	HF bilateral DLPFC		Ahmed	Egypt	2012	J Neurol	HF vs LF rTMS of bilateral DLPFC in Alzheimer and MCI	RCT	20Hz improved cognition	Figure-8	Bilateral DLPFC	rTMS	20	90% RMT	2000	—	10-20	—	5	HF bilateral DLPFC improved MMSE/cognition vs LF and sham	https://pubmed.ncbi.nlm.nih.gov/?term=Ahmed%202012%20TMS
☺ (modest)	Cognition – AD / MCI	rTMS meta-analysis		Lin	China	2019	Ageing Res Rev	rTMS for cognition in Alzheimer disease and MCI: meta-analysis	Meta-analysis	Pooled RCTs	Figure-8	DLPFC	rTMS	HF	—	—	—	—	—	—	HF-rTMS improves global cognition in AD/MCI (small-moderate)	https://pubmed.ncbi.nlm.nih.gov/?term=Lin%202019%20TMS
☺ (modest)	Multiple sclerosis	Spasticity iTBS		Centonze	Italy	2007	Mult Scler	iTBS of motor cortex reduces spasticity in multiple sclerosis	RCT / series	iTBS M1	Figure-8	Motor cortex (M1)	iTBS	50	80% AMT	600	—	motor hotspot	—	multiple	Reduced lower-limb spasticity vs sham	https://pubmed.ncbi.nlm.nih.gov/?term=Centonze%202007%20TMS
☺ (modest)	Fibromyalgia	rTMS meta-analysis		Knijnik	Brazil	2016	Pain Pract	rTMS for fibromyalgia: systematic review and meta-analysis	Meta-analysis	HF M1 / LF DLPFC	Figure-8	M1 / DLPFC	rTMS	10	—	—	—	—	—	—	Improves pain and quality of life (small-moderate)	https://pubmed.ncbi.nlm.nih.gov/?term=Knijnik%202016%20TMS
☺ (modest)	Panic disorder	LF right DLPFC		Mantovani	USA	2013	Depress Anxiety	1Hz rTMS of right DLPFC for panic disorder with comorbid depression	RCT	LF right DLPFC	Figure-8	Right DLPFC	rTMS	1	110% MT	—	—	5 cm	—	multiple	Reduced panic and anxiety symptoms vs sham	https://pubmed.ncbi.nlm.nih.gov/?term=Mantovani%202013%20TMS
☺ (modest)	Bipolar depression	Right DLPFC		Nahas	USA	2003	Bipolar Disord	Left prefrontal rTMS in bipolar depression: sham-controlled pilot	RCT pilot	Small sample	Figure-8	Left DLPFC	rTMS	5-20	110% MT	—	—	5 cm	—	10	Pilot signal; low manic-switch risk	https://pubmed.ncbi.nlm.nih.gov/?term=Nahas%202003%20TMS
⚔ ref	Methodology	First safety consensus		Wassermann	USA (NIH)	1998	Electroencephalogr Clin Neurophysiol	Risk and safety of rTMS: report and suggested guidelines from the 1996 NIH workshop	Consensus	First rTMS safety guidelines	—	—	—	—	—	—	—	—	—	—	Original seizure-risk safety limits (later updated by Rossi)	https://pubmed.ncbi.nlm.nih.gov/?term=Wassermann%201998%20TMS
⚔ ref	Methodology	rTMS depression consensus		McClintock	USA	2018	J Clin Psychiatry	Consensus recommendations for the clinical application of rTMS in the treatment of depression	Consensus	Clinical practice recommendations	—	Left DLPFC	rTMS / iTBS	10 / 50	120% RMT	—	—	5 cm / F3 / MRI	—	—	Standardizes dosing, targeting, course length for MDD	https://pubmed.ncbi.nlm.nih.gov/?term=McClintock%202018%20TMS
⚔ ref	Methodology	Clinical TMS Society		Perera	USA	2016	Brain Stimul	The Clinical TMS Society consensus review and treatment recommendations for TMS therapy in MDD	Consensus	Society guideline	—	Left DLPFC	rTMS	10	120% RMT	3000	—	5 cm / F3	~37 min	20-30 + taper	Endorses HF-L-DLPFC as standard; supports acute course + taper	https://pubmed.ncbi.nlm.nih.gov/?term=Perera%202016%20TMS
⚔ ref	Methodology	Original efficacy guideline		Lefaucheur	Europe (expert group)	2014	Clin Neurophysiol	Evidence-based guidelines on the therapeutic use of rTMS	Guideline	Superseded by 2020 update	—	—	rTMS	—	—	—	—	—	—	—	First systematic Level A/B/C grading across indications	https://pubmed.ncbi.nlm.nih.gov/?term=Lefaucheur%202014%20TMS
☺	Depression (MDD)	Frequency comparison		George	USA (MUSC)	2000	Biol Psychiatry	A controlled trial of daily left prefrontal rTMS (5Hz vs 20Hz) in depression	RCT	Frequency comparison	Figure-8	Left DLPFC	rTMS	5 / 20	80% MT	800-1600	—	5 cm	—	10	Both active frequencies improved mood vs sham	https://pubmed.ncbi.nlm.nih.gov/?term=George%202000%20TMS
☺	Depression (MDD)	Bilateral rTMS RCT		Fitzgerald	Australia	2012	Neuropsychopharmacology	Bilateral sequential rTMS for treatment-resistant depression: randomized trial	RCT	LF-right + HF-left	Figure-8	Bilateral DLPFC	rTMS	1 (R) + 10 (L)	110% RMT	—	—	5 cm / navigation	—	up to 20	Bilateral rTMS effective; comparable to unilateral HF-left	https://pubmed.ncbi.nlm.nih.gov/?term=Fitzgerald%202012%20TMS
☺ (modest)	Depression (MDD)	LF vs HF crossover		Padberg	Germany	1999	Neuropsychopharmacology	LF vs HF rTMS of prefrontal cortex in major depression	RCT crossover	Early frequency study	Figure-8	Left DLPFC	rTMS	0.3 / 10	90% MT	—	—	5 cm	—	5	Modest effect; HF-left favored	https://pubmed.ncbi.nlm.nih.gov/?term=Padberg%201999%20TMS
☺ (modest)	Depression (MDD)	Left vs bilateral		Loo	Australia	2003	Psychol Med	A sham-controlled trial of left and bilateral rTMS in resistant depression	RCT	Left + bilateral	Figure-8	Left / bilateral DLPFC	rTMS	10	90-110% RMT	—	—	5 cm	—	10-15	Modest antidepressant effect; supports bilateral	https://pubmed.ncbi.nlm.nih.gov/?term=Loo%202003%20TMS
☺	Depression (MDD)	Add-on accelerated response		Rossini	Italy	2010	J Clin Psychiatry	HF rTMS as add-on to antidepressant accelerates response in depression	RCT	15Hz L-DLPFC accelerates onset	Figure-8	Left DLPFC	rTMS	15	80-100% MT	—	—	5 cm	—	10	Faster antidepressant response vs sham add-on	https://pubmed.ncbi.nlm.nih.gov/?term=Rossini%202010%20TMS
☺	Depression (MDD)	Durability (6-mo)		Janicak	USA (multisite)	2010	Brain Stimul	Durability of clinical benefit with TMS: 6-month multisite open-label study	Open-label follow-up, n=301	Relapse/rescue after acute course	Figure-8	Left DLPFC	rTMS	10	120% RMT	3000	—	5 cm	~37 min	acute + rescue	Benefit durable at 6 mo; ~10% relapse with maintenance meds/rescue	https://pubmed.ncbi.nlm.nih.gov/?term=Janicak%202010%20TMS
☺	Depression (MDD)	Durability (1-yr)		Dunner	USA (multisite)	2014	J Clin Psychiatry	Naturalistic TMS for pharmacoresistant depression: durability over 1-year follow-up	Observational, n=257	Long-term outcomes	Figure-8	Left DLPFC	rTMS	10	120% RMT	3000	—	5 cm / clinical	~37 min	acute + reintroduction	62.5% of responders maintained benefit at 1 yr	https://pubmed.ncbi.nlm.nih.gov/?term=Dunner%202014%20TMS
☺	Depression (MDD)	Deep TMS pilot		Levkovitz	Israel	2009	J ECT	Deep TMS with H-coil for depression: safety and feasibility pilot	Open-label pilot	Precursor to 2015 pivotal	H1 deep coil	Bilateral PFC	dTMS	20	120% RMT	—	—	standard	—	20	Feasible and safe; antidepressant signal	https://pubmed.ncbi.nlm.nih.gov/?term=Levkovitz%202009%20TMS
☺ (modest)	Depression (MDD)	Health technology assessment		Health Quality Ontario	Canada	2016	Ont Health Technol Assess Ser	rTMS for treatment-resistant depression: health technology assessment	HTA / systematic review	Government HTA	Figure-8	Left DLPFC	rTMS	10	—	—	—	—	—	—	rTMS effective and cost-effective for TRD; supports coverage	https://pubmed.ncbi.nlm.nih.gov/?term=Health%20Quality%20Ontario%202016%20TMS
☺ (modest)	Depression – Perinatal	L-DLPFC		Kim	USA	2019	Arch Womens Ment Health	rTMS for antenatal/postpartum depression: sham-controlled study	RCT	10Hz L-DLPFC in pregnancy/postpartum	Figure-8	Left DLPFC	rTMS	10	100-110% RMT	—	—	5 cm	—	up to 20	Reduced depression; no adverse pregnancy outcomes	https://pubmed.ncbi.nlm.nih.gov/?term=Kim%202019%20TMS
☺	Depression (MDD)	Bilateral TRD RCT		Blumberger	Canada	2012	Int J Neuropsychopharmacol	Bilateral rTMS for treatment-resistant depression: randomized sham-controlled trial	RCT	Sequential bilateral	Figure-8	Bilateral DLPFC	rTMS	1 (R) + 10 (L)	100-120% RMT	—	—	5 cm	—	up to 30	Bilateral rTMS improved outcomes vs unilateral/sham	https://pubmed.ncbi.nlm.nih.gov/?term=Blumberger%202012%20TMS
☺ (modest)	Depression – Late-life	DLPFC meta-analysis		Trevizol	Canada	2019	Am J Geriatr Psychiatry	rTMS / deep TMS for late-life depression: systematic review and meta-analysis	Meta-analysis	Older adults	Figure-8 / H1	DLPFC	rTMS / dTMS	10 / 18	—	—	—	—	—	—	rTMS efficacious in late-life depression (moderate effect)	https://pubmed.ncbi.nlm.nih.gov/?term=Trevizol%202019%20TMS
☹	OCD	Right DLPFC negative (first RCT)		Alonso	Spain	2001	Am J Psychiatry	Right prefrontal rTMS in obsessive-compulsive disorder: double-blind sham-controlled study	RCT	First OCD rTMS RCT	Figure-8 (non-focal)	Right DLPFC	rTMS	1	110% MT	—	—	5 cm	—	18	No significant benefit over sham (valid negative)	https://pubmed.ncbi.nlm.nih.gov/?term=Alonso%202001%20TMS
☹	OCD	DLPFC negative		Sachdev	Australia	2007	Psychol Med	Left DLPFC rTMS for treatment-resistant OCD: randomized sham-controlled trial	RCT	LF/HF left DLPFC	Figure-8	Left DLPFC	rTMS	10	110% MT	—	—	5 cm	—	10-20	No difference vs sham after controlling for depression	https://pubmed.ncbi.nlm.nih.gov/?term=Sachdev%202007%20TMS
☺ (modest)	OCD	LF right DLPFC		Elbeh	Egypt	2016	Psychiatry Res	LF vs HF rTMS of right DLPFC for OCD: randomized sham-controlled trial	RCT	1Hz > sham; not durable at 3 mo	Figure-8	Right DLPFC	rTMS	1	100% MT	1200	—	5 cm	—	10	LF right DLPFC reduced YBOCS vs sham (transient)	https://pubmed.ncbi.nlm.nih.gov/?term=Elbeh%202016%20TMS
☺ (modest)	Addiction – Smoking	LF right DLPFC + patch		Trojak	France	2015	Brain Stimul	LF rTMS of right DLPFC as adjunct to nicotine patch for smoking cessation	RCT	1Hz right DLPFC	Figure-8	Right DLPFC	rTMS	1	120% RMT	360	—	5 cm	—	10	Higher early abstinence vs sham+patch; not sustained	https://pubmed.ncbi.nlm.nih.gov/?term=Trojak%202015%20TMS
☺ (modest)	Addiction – Alcohol	dTMS		Ceccanti	Italy	2015	Drug Alcohol Depend	Deep rTMS of medial PFC in alcohol use disorder: randomized study	RCT	dmPFC dTMS	H-coil	Medial PFC	dTMS	20	120% RMT	—	—	standard	—	multiple	Reduced alcohol craving and intake vs sham	https://pubmed.ncbi.nlm.nih.gov/?term=Ceccanti%202015%20TMS
☺ (modest)	Addiction – Cocaine	dTMS observational		Rapinesi	Italy	2016	Neurosci Lett	Add-on deep rTMS for cocaine use disorder: observational study	Observational	dmPFC / DLPFC dTMS	H-coil	Left DLPFC	dTMS	15	100% RMT	—	—	standard	—	multiple	Reduced craving; supports Terraneo findings	https://pubmed.ncbi.nlm.nih.gov/?term=Rapinesi%202016%20TMS
☺ (modest)	PTSD	1Hz + imaginal exposure		Osuch	USA (NIH)	2009	J Anxiety Disord	1Hz rTMS of right DLPFC combined with imaginal exposure for PTSD	RCT crossover	LF + exposure	Figure-8	Right DLPFC	rTMS	1	100% MT	—	—	5 cm	—	—	Combined rTMS + exposure reduced hyperarousal	https://pubmed.ncbi.nlm.nih.gov/?term=Osuch%202009%20TMS
☺ (modest)	Schizophrenia	AVH meta-analysis		Aleman	Netherlands	2007	J Clin Psychiatry	LF rTMS of left temporoparietal cortex for auditory hallucinations: meta-analysis	Meta-analysis	Pooled effect	Figure-8	Left temporoparietal	rTMS	1	90% MT	—	—	—	—	—	Significant effect on hallucinations vs sham (mean d~0.76)	https://pubmed.ncbi.nlm.nih.gov/?term=Aleman%202007%20TMS
☺ (modest)	Schizophrenia	Cochrane review		Dougall	UK	2015	Cochrane Database Syst Rev	Transcranial magnetic stimulation for schizophrenia: Cochrane systematic review	Systematic review	Low-moderate quality evidence	Figure-8	TPC / DLPFC	rTMS	1 / 10	—	—	—	—	—	—	Possible benefit for hallucinations; evidence limited	https://pubmed.ncbi.nlm.nih.gov/?term=Dougall%202015%20TMS
☹	Schizophrenia	Cognition negative		Guse	Germany	2013	Eur Arch Psychiatry Clin Neurosci	HF rTMS of left DLPFC for cognition in schizophrenia: randomized sham-controlled trial	RCT	10Hz L-DLPFC cognition	Figure-8	Left DLPFC	rTMS	10	110% MT	1000	—	10-20	—	15	No significant cognitive benefit over sham (valid negative)	https://pubmed.ncbi.nlm.nih.gov/?term=Guse%202013%20TMS
☹	Migraine	1Hz vertex negative		Teepker	Germany	2010	Cephalalgia	LF rTMS of the vertex for migraine prophylaxis: randomized sham-controlled trial	RCT	1Hz vertex	Figure-8	Vertex	rTMS	1	—	500	—	vertex	—	5	No significant prophylactic benefit (valid negative)	https://pubmed.ncbi.nlm.nih.gov/?term=Teepker%202010%20TMS
☺	Neuropathic pain	Meta-analysis		Leung	USA	2009	J Pain	rTMS for suppressing neuropathic pain: meta-analysis	Meta-analysis	Pooled individual data	Figure-8	Motor cortex (M1)	rTMS	5-10	—	—	—	—	—	—	HF-M1 rTMS reduces neuropathic pain; central > peripheral origin	https://pubmed.ncbi.nlm.nih.gov/?term=Leung%202009%20TMS
☺ (modest)	Trigeminal / facial pain	M1 rTMS		Khedr	Egypt	2005	J Neurol Neurosurg Psychiatry	M1 rTMS for trigeminal neuralgia and post-stroke pain	RCT	20Hz M1 (face area)	Figure-8	Motor cortex (M1, face)	rTMS	20	80% RMT	2000	—	motor hotspot	—	5	Reduced facial neuropathic pain vs sham	https://pubmed.ncbi.nlm.nih.gov/?term=Khedr%202005%20TMS
☺ (modest)	Spinal cord injury pain	M1 rTMS		Defrin	Israel	2007	Pain	HF rTMS of motor cortex for chronic pain after spinal cord injury	RCT	5-10Hz M1	Figure-8	Motor cortex (M1)	rTMS	5-10	—	—	—	motor hotspot	—	10	Reduced SCI neuropathic pain in some patients	https://pubmed.ncbi.nlm.nih.gov/?term=Defrin%202007%20TMS
☺ (modest)	Fibromyalgia	M1 rTMS maintenance		Mhalla	France	2011	Pain	rTMS of M1 for fibromyalgia: long-term maintenance study	RCT	HF M1 induction + maintenance	Figure-8	Left M1	rTMS	10	80% RMT	1500	—	navigation	—	induction + monthly	Sustained pain relief with maintenance sessions	https://pubmed.ncbi.nlm.nih.gov/?term=Mhalla%202011%20TMS
☺ (modest)	Stroke – Motor	HF vs LF early RCT		Sasaki	Japan	2013	J Stroke Cerebrovasc Dis	HF vs LF rTMS on upper-limb hemiparesis in early-phase stroke	RCT	Both frequencies	Figure-8	Ipsilesional / contralesional M1	rTMS	1 / 10	90-110% RMT	—	—	motor hotspot	—	multiple	HF ipsilesional and LF contralesional both improved upper-limb function	https://pubmed.ncbi.nlm.nih.gov/?term=Sasaki%202013%20TMS
☺ (modest)	Stroke – Motor (leg)	Deep TMS leg area		Chieffo	Italy	2014	Neurorehabil Neural Repair	Excitatory deep rTMS of the leg motor area for lower-limb recovery after stroke	RCT	H-coil leg area	H-coil	Leg motor cortex	dTMS	20	90% RMT	—	—	navigation	—	multiple	Improved lower-limb motor function vs sham	https://pubmed.ncbi.nlm.nih.gov/?term=Chieffo%202014%20TMS
☺	Stroke – Motor	Long-term follow-up		Khedr	Egypt	2010	Acta Neurol Scand	Long-term effect of rTMS on motor recovery after acute ischemic stroke	RCT / follow-up	Durability of early rTMS	Figure-8	Ipsilesional M1	rTMS	3	120% RMT	300	—	motor hotspot	—	5	Motor improvement sustained at follow-up	https://pubmed.ncbi.nlm.nih.gov/?term=Khedr%202010%20TMS
☺	Stroke – Aphasia	Meta-analysis		Li	China	2015	Medicine (Baltimore)	LF rTMS for post-stroke aphasia: meta-analysis of RCTs	Meta-analysis	Pooled	Figure-8	Right IFG	rTMS	1	90% RMT	—	—	—	—	—	LF right IFG rTMS improves language recovery	https://pubmed.ncbi.nlm.nih.gov/?term=Li%202015%20TMS
☺ (modest)	Stroke – Dysphagia	Pharyngeal RCT		Park	South Korea	2013	Neurogastroenterol Motil	rTMS of pharyngeal motor cortex for post-stroke dysphagia: randomized trial	RCT	5Hz affected hemisphere	Figure-8	Pharyngeal M1	rTMS	5	90% RMT	—	—	motor hotspot	—	10	Improved swallowing vs sham	https://pubmed.ncbi.nlm.nih.gov/?term=Park%202013%20TMS
☺ (modest)	Parkinson's – Depression	Left DLPFC		Cardoso	Brazil	2008	Int J Neuropsychopharmacol	rTMS of left DLPFC for depression in Parkinson disease: sham-controlled trial	RCT	15Hz L-DLPFC	Figure-8	Left DLPFC	rTMS	15	110% RMT	—	—	5 cm	—	10	Improved depressive symptoms in PD	https://pubmed.ncbi.nlm.nih.gov/?term=Cardoso%202008%20TMS
☺ (modest)	Focal hand dystonia	Premotor LF rTMS		Murase	Japan	2005	Brain	LF rTMS of premotor cortex improves writer's cramp (focal hand dystonia)	RCT / physiology	0.2Hz premotor	Figure-8	Premotor cortex	rTMS	0.2	85% AMT	—	—	navigation	—	single/short	Transient improvement in handwriting and cortical inhibition	https://pubmed.ncbi.nlm.nih.gov/?term=Murase%202005%20TMS
☺ (modest)	Parkinson's – Dyskinesia	SMA LF rTMS		Koch	Italy	2005	Neurology	LF rTMS of SMA reduces levodopa-induced dyskinesia in Parkinson disease	RCT / physiology	1Hz SMA	Figure-8	SMA	rTMS	1	90% RMT	900	—	navigation	—	single/short	Reduced dyskinesia acutely	https://pubmed.ncbi.nlm.nih.gov/?term=Koch%202005%20TMS
☺ (modest)	Tinnitus	Meta-analysis		Soleimani	Iran	2016	Eur Arch Otorhinolaryngol	rTMS for tinnitus: systematic review and meta-analysis	Meta-analysis	Pooled RCTs	Figure-8	Auditory cortex	rTMS	1	—	—	—	—	—	—	Small-moderate reduction in tinnitus severity vs sham	https://pubmed.ncbi.nlm.nih.gov/?term=Soleimani%202016%20TMS
☹	Tinnitus	Large multicenter null		Landgrebe	Germany	2017	Brain Stimul	Multisite rTMS for chronic tinnitus: randomized controlled trial	RCT (large multicenter)	Multicenter	Figure-8	Temporal / DLPFC	rTMS	1	110% RMT	—	—	navigation	—	10	No significant benefit over sham in large multicenter trial (valid negative)	https://pubmed.ncbi.nlm.nih.gov/?term=Landgrebe%202017%20TMS
☺ (modest)	Alzheimer's disease	Bilateral DLPFC pilot		Rutherford	Canada	2015	J Exp Neurosci	HF rTMS of bilateral DLPFC improves cognition in mild Alzheimer disease	RCT pilot	20Hz bilateral DLPFC	Figure-8	Bilateral DLPFC	rTMS	20	90-100% RMT	—	—	10-20	—	multiple	Improved cognitive scores vs sham (pilot)	https://pubmed.ncbi.nlm.nih.gov/?term=Rutherford%202015%20TMS
☺ (modest)	Primary progressive aphasia	Language cortex		Cotelli	Italy	2016	J Alzheimers Dis	rTMS for language in primary progressive aphasia	RCT / series	Language-network rTMS	Figure-8	DLPFC / language cortex	rTMS	20	100% RMT	—	—	navigation	—	multiple	Improved naming/language in PPA	https://pubmed.ncbi.nlm.nih.gov/?term=Cotelli%202016%20TMS
☺ (modest)	Cerebellar ataxia	Cerebellar rTMS		Shiga	Japan	2002	J Neurol Neurosurg Psychiatry	Cerebellar rTMS for spinocerebellar degeneration: controlled study	RCT / series	Cerebellar stimulation	Figure-8	Cerebellum	rTMS	0.2-1	—	—	—	cerebellar landmarks	—	multiple	Improved ataxia / standing balance transiently	https://pubmed.ncbi.nlm.nih.gov/?term=Shiga%202002%20TMS
☺ (modest)	Autism spectrum	DLPFC LF rTMS		Sokhadze	USA	2014	Appl Psychophysiol Biofeedback	LF rTMS of DLPFC improves EEG and behavior in autism	RCT / series	1Hz DLPFC	Figure-8	DLPFC (bilateral)	rTMS	1	90% MT	—	—	10-20	—	up to 18	Reduced irritability; improved event-related potentials	https://pubmed.ncbi.nlm.nih.gov/?term=Sokhadze%202014%20TMS
☺ (modest)	Multiple sclerosis – Fatigue	M1 / DLPFC		Gaede	Germany	2018	Mult Scler	rTMS for fatigue in multiple sclerosis: randomized sham-controlled trial	RCT	iTBS / HF	Figure-8	M1 / DLPFC	iTBS / rTMS	50 / 10	—	—	—	navigation	—	multiple	Reduced MS-related fatigue vs sham	https://pubmed.ncbi.nlm.nih.gov/?term=Gaede%202018%20TMS
☺ (modest)	Bulimia / binge eating	Left DLPFC		Gay	France	2016	Eur Eat Disord Rev	HF rTMS of left DLPFC for bulimia nervosa: randomized sham-controlled trial	RCT	10Hz L-DLPFC	Figure-8	Left DLPFC	rTMS	10	110% RMT	1000	—	5 cm	—	multiple	Reduced binge/purge urges vs sham (short-term)	https://pubmed.ncbi.nlm.nih.gov/?term=Gay%202016%20TMS
⚔ ref	Methodology	IFCN methods		Rossini	Europe (IFCN)	2015	Clin Neurophysiol	Non-invasive electrical and magnetic stimulation of the brain, spinal cord, roots and peripheral nerves: IFCN update	Consensus / methods	Foundational methods reference	—	—	—	—	—	—	—	—	—	—	Standardizes TMS methodology, motor threshold, coil, safety terminology	https://pubmed.ncbi.nlm.nih.gov/?term=Rossini%202015%20TMS
⚔ ref	Methodology	Diagnostic TMS guide		Groppa	Europe (IFCN)	2012	Clin Neurophysiol	A practical guide to diagnostic transcranial magnetic stimulation: report of an IFCN committee	Consensus / methods	Diagnostic (MEP, CMCT) methods	—	M1 / corticospinal	single / paired-pulse	—	—	—	—	—	—	1 (diagnostic)	Standard methods for MEP, central motor conduction, cortical excitability	https://pubmed.ncbi.nlm.nih.gov/?term=Groppa%202012%20TMS
⚔ ref	Methodology	Adverse-effects review		Lerner	USA (NIH)	2019	Clin Neurophysiol	Seizures and adverse events associated with TMS: systematic review of published cases	Systematic review	Safety incidence	—	—	—	—	—	—	—	—	—	—	TMS seizure risk very low with guideline adherence; risk factors summarized	https://pubmed.ncbi.nlm.nih.gov/?term=Lerner%202019%20TMS
☺	Depression (MDD)	First depression report		George	USA (NIH)	1995	Neuroreport	Daily prefrontal rTMS improves mood in depression (open pilot)	Open pilot	First rTMS-for-depression report	Figure-8	Left DLPFC	rTMS	20	80% MT	—	—	5 cm	—	5	Antidepressant signal that launched the field	https://pubmed.ncbi.nlm.nih.gov/?term=George%201995%20TMS
☺	Depression (MDD)	Mechanism / rCBF		Speer	USA (NIH)	2000	Biol Psychiatry	Opposite effects of HF and LF rTMS on regional cerebral blood flow in depression	RCT / imaging	20Hz vs 1Hz	Figure-8	Left DLPFC	rTMS	1 / 20	80-100% MT	—	—	5 cm	—	10	Both frequencies antidepressant; opposite rCBF effects	https://pubmed.ncbi.nlm.nih.gov/?term=Speer%202000%20TMS
☺ (modest)	Depression (MDD)	Sham-design study		Nahas	USA (MUSC)	2001	Biol Psychiatry	Two-week left prefrontal rTMS in depression: sham-controlled study	RCT	Angled-coil sham	Figure-8	Left DLPFC	rTMS	5	110% MT	1600	—	5 cm	—	10	Modest antidepressant effect vs sham	https://pubmed.ncbi.nlm.nih.gov/?term=Nahas%202001%20TMS
☹	Depression – Late-life	Age-related negative		Manes	USA	2001	Int Psychogeriatr	rTMS for geriatric depression: double-blind sham-controlled study	RCT (elderly)	Small elderly sample	Figure-8	Left DLPFC	rTMS	5 / 20	80-100% MT	—	—	5 cm	—	5	No significant benefit over sham in elderly (valid negative)	https://pubmed.ncbi.nlm.nih.gov/?term=Manes%202001%20TMS
☹	Depression – Late-life	Prefrontal-atrophy negative		Mosimann	Switzerland	2004	Psychiatry Res	HF rTMS of left DLPFC in elderly depression: sham-controlled trial	RCT (elderly)	Older, medication-resistant	Figure-8	Left DLPFC	rTMS	20	100% MT	1600	—	5 cm	—	10	No significant benefit; frontal atrophy limits response (valid negative)	https://pubmed.ncbi.nlm.nih.gov/?term=Mosimann%202004%20TMS
☺ (modest)	Depression (MDD)	fMRI-navigated		Herwig	Germany	2003	J Psychiatr Res	Navigated rTMS of the DLPFC guided by functional imaging in depression	Feasibility / RCT	Neuronavigation feasibility	Figure-8 (navigated)	Left DLPFC	rTMS	15	110% RMT	—	—	fMRI neuronavigation	—	10	Feasible targeting; modest clinical effect	https://pubmed.ncbi.nlm.nih.gov/?term=Herwig%202003%20TMS
☺	Depression (MDD)	Priming rTMS		Fitzgerald	Australia	2009	J Clin Psychopharmacol	Priming stimulation enhances the antidepressant effect of LF right rTMS	RCT	6Hz priming + 1Hz right	Figure-8	Right DLPFC	rTMS	6 prime + 1	90-110% RMT	—	—	5 cm	—	up to 20	Priming enhanced LF-right antidepressant response	https://pubmed.ncbi.nlm.nih.gov/?term=Fitzgerald%202009%20TMS
☹	Depression (MDD)	Large VA null		Yesavage	USA (VA CSP 556)	2018	JAMA Psychiatry	rTMS for treatment-resistant major depression in US veterans: randomized clinical trial	RCT, n=164	VA Cooperative Study	Figure-8	Left DLPFC	rTMS	10	120% RMT	4000	—	5 cm	—	up to 30	No significant difference vs sham; both arms improved (valid negative)	https://pubmed.ncbi.nlm.nih.gov/?term=Yesavage%202018%20TMS
☺	Depression (MDD)	Accelerated iTBS (metabolism)		Baeken	Belgium	2013	World J Biol Psychiatry	Accelerated iTBS in TRD: sgACC metabolism and response	Open / RCT	5 sessions/day x 4 days	Figure-8	Left DLPFC	iTBS	50	110% RMT	1620/session	—	MRI / F3	—	20 (4 days)	Accelerated iTBS produced rapid response; sgACC metabolism change	https://pubmed.ncbi.nlm.nih.gov/?term=Baeken%202013%20TMS
☺	Depression (MDD)	Accelerated iTBS (sham RCT)		Duprat	Belgium	2016	Brain Stimul	Accelerated iTBS for treatment-resistant depression: sham-controlled trial	RCT	Rapid responders	Figure-8	Left DLPFC	iTBS	50	110% RMT	—	—	MRI / F3	—	20 (4 days)	Significant rapid antidepressant response; supports accelerated dosing	https://pubmed.ncbi.nlm.nih.gov/?term=Duprat%202016%20TMS
☺	Depression (MDD)	SAINT precursor		Williams	USA (Stanford)	2018	Brain	High-dose accelerated fcMRI-guided iTBS for TRD (case series)	Case series, n=6	Direct SAINT precursor	Figure-8	Left DLPFC (fcMRI)	Accelerated iTBS	50	90-120% rMT	1800	90,000	fcMRI functional-connectivity	10/day x 5 d	50	Very high remission; basis for SAINT/SNT	https://pubmed.ncbi.nlm.nih.gov/?term=Williams%202018%20TMS
☺ (modest)	Depression (MDD)	Maintenance rTMS		Philip	USA (VA)	2016	J Clin Psychiatry	Maintenance / continuation rTMS for depression: outcomes	Observational	Relapse prevention	Figure-8	Left DLPFC	rTMS	10	120% RMT	3000	—	5 cm / MRI	~37 min	maintenance	Continuation rTMS reduced relapse in responders	https://pubmed.ncbi.nlm.nih.gov/?term=Philip%202016%20TMS
☺ (modest)	Depression (MDD)	Maintenance RCT		Benadhira	France	2017	Psychiatry Res	A randomized study of maintenance rTMS in treatment-resistant depression	RCT	Scheduled maintenance	Figure-8	Left DLPFC	rTMS	10	120% RMT	—	—	5 cm	—	maintenance	Maintenance rTMS trend to lower relapse	https://pubmed.ncbi.nlm.nih.gov/?term=Benadhira%202017%20TMS
☺	Depression (MDD)	TBS RCT (Taiwan)		Li	Taiwan	2014	Brain	Prolonged iTBS and cTBS for treatment-resistant depression: randomized trial	RCT	iTBS / cTBS / combined	Figure-8	Left / bilateral DLPFC	iTBS / cTBS	50	80-100% RMT	—	—	navigation	—	10	Bilateral (iTBS-left + cTBS-right) most effective vs sham	https://pubmed.ncbi.nlm.nih.gov/?term=Li%202014%20TMS
☺	Depression (MDD)	Durability meta-analysis		Kedzior	Australia / Germany	2015	J Affect Disord	Durability of antidepressant effect of HF-rTMS: meta-analysis	Meta-analysis	Follow-up outcomes	Figure-8	Left DLPFC	rTMS	10	—	—	—	—	—	—	Antidepressant effect persists ~months after acute course	https://pubmed.ncbi.nlm.nih.gov/?term=Kedzior%202015%20TMS
☺	Depression (MDD)	LF-right meta-analysis		Schutter	Netherlands	2010	Psychol Med	LF rTMS of the right DLPFC in depression: meta-analysis	Meta-analysis	Right-sided LF	Figure-8	Right DLPFC	rTMS	1	—	—	—	—	—	—	LF right DLPFC significantly antidepressant vs sham	https://pubmed.ncbi.nlm.nih.gov/?term=Schutter%202010%20TMS
☺	Depression (MDD)	Deep vs standard RCT		Filipčić	Croatia	2019	J Psychiatr Res	Deep TMS vs standard rTMS for treatment-resistant depression: randomized trial	RCT	Head-to-head	H1 / Figure-8	Left DLPFC / bilateral PFC	dTMS / rTMS	18 / 10	120% RMT	1980 / 3000	—	standard / 5 cm	~20-37 min	20-30	Both effective; comparable remission	https://pubmed.ncbi.nlm.nih.gov/?term=Filip%C4%8Di%C4%87%202019%20TMS
☹	OCD	Right DLPFC negative		Sarkhel	India	2010	J Anxiety Disord	HF right prefrontal rTMS as adjunct in OCD: sham-controlled trial	RCT	10Hz right DLPFC	Figure-8	Right DLPFC	rTMS	10	110% MT	—	—	5 cm	—	10	No advantage over sham on OCD symptoms (valid negative)	https://pubmed.ncbi.nlm.nih.gov/?term=Sarkhel%202010%20TMS
☹	OCD	Left DLPFC negative		Prasko	Czech Republic	2006	Neuro Endocrinol Lett	LF rTMS of left DLPFC as augmentation in OCD: sham-controlled trial	RCT	1Hz left DLPFC	Figure-8	Left DLPFC	rTMS	1	110% MT	—	—	5 cm	—	10	No significant difference from sham (valid negative)	https://pubmed.ncbi.nlm.nih.gov/?term=Prasko%202006%20TMS
☹	OCD	Right DLPFC negative		Mansur	Brazil	2011	Int J Neuropsychopharmacol	Placebo-controlled trial of adjunctive HF right DLPFC rTMS in OCD	RCT	10Hz right DLPFC	Figure-8	Right DLPFC	rTMS	10	110% MT	—	—	5 cm	—	6 weeks	No benefit over sham (valid negative)	https://pubmed.ncbi.nlm.nih.gov/?term=Mansur%202011%20TMS
☺ (modest)	OCD	dmPFC HF		Haghighi	Iran	2015	J Psychiatr Res	HF rTMS of dmPFC as adjunct for treatment-resistant OCD	RCT	dmPFC HF	Figure-8	dmPFC	rTMS	10	100% MT	—	—	navigation	—	up to 12	Reduced YBOCS as adjunct vs sham	https://pubmed.ncbi.nlm.nih.gov/?term=Haghighi%202015%20TMS
☺	OCD	Meta-analysis		Rehn	Australia	2018	Psychiatr Q	rTMS for OCD: systematic review and meta-analysis	Meta-analysis, 18 RCTs	Pooled by target	—	OFC / SMA / DLPFC	rTMS	various	—	—	—	—	—	—	Significant YBOCS reduction; SMA and OFC targets effective	https://pubmed.ncbi.nlm.nih.gov/?term=Rehn%202018%20TMS
☺ (modest)	Social anxiety disorder	Medial PFC		Paes	Brazil	2013	CNS Neurol Disord Drug Targets	rTMS of the medial prefrontal cortex for social anxiety disorder: pilot	Pilot / case series	mPFC	Figure-8	Medial PFC	rTMS	10	—	—	—	navigation	—	multiple	Reduced social anxiety symptoms in pilot	https://pubmed.ncbi.nlm.nih.gov/?term=Paes%202013%20TMS
☺ (modest)	Generalized anxiety (GAD)	HF right DLPFC		Dilkov	Canada	2017	Prog Neuropsychopharmacol Biol Psychiatry	HF rTMS of right DLPFC for generalized anxiety disorder: sham-controlled trial	RCT	20Hz right DLPFC	Figure-8	Right DLPFC	rTMS	20	110% RMT	—	—	5 cm	—	25	Reduced anxiety vs sham	https://pubmed.ncbi.nlm.nih.gov/?term=Dilkov%202017%20TMS
☺ (modest)	Anxiety disorders	Meta-analysis		Cirillo	USA / intl	2019	Brain Behav	Transcranial magnetic stimulation for anxiety and anxiety-related disorders: meta-analysis	Meta-analysis	GAD, panic, PTSD, OCD	—	DLPFC (mostly right)	rTMS	1 / 10-20	—	—	—	—	—	—	rTMS reduces anxiety symptoms across disorders (moderate effect)	https://pubmed.ncbi.nlm.nih.gov/?term=Cirillo%202019%20TMS
☺	PTSD	Deep TMS + exposure		Isserles	Israel	2013	Brain Stimul	Deep TMS combined with brief exposure for PTSD: sham-controlled study	RCT	mPFC dTMS + script exposure	H-coil	Medial PFC	dTMS	20	120% RMT	—	—	standard	—	12	dTMS with exposure reduced PTSD symptoms vs sham	https://pubmed.ncbi.nlm.nih.gov/?term=Isserles%202013%20TMS
☺ (modest)	PTSD	LF right DLPFC		Nam	South Korea	2013	Psychiatry Investig	LF rTMS of right DLPFC for PTSD: sham-controlled study	RCT	1Hz right DLPFC	Figure-8	Right DLPFC	rTMS	1	110% RMT	—	—	5 cm	—	15	Reduced PTSD symptoms vs sham	https://pubmed.ncbi.nlm.nih.gov/?term=Nam%202013%20TMS
☺	PTSD	rTMS + CPT RCT		Kozel	USA (VA)	2019	Brain Stimul	rTMS as adjunct to cognitive processing therapy for PTSD: randomized trial	RCT	Right DLPFC + CPT	Figure-8	Right DLPFC	rTMS	1	110% RMT	—	—	5 cm	—	~12-15	rTMS augmented psychotherapy outcomes	https://pubmed.ncbi.nlm.nih.gov/?term=Kozel%202019%20TMS
☺ (modest)	PTSD	Bilateral DLPFC		Ahmadizadeh	Iran	2018	Brain Res Bull	Bilateral vs right rTMS of DLPFC for combat PTSD: randomized trial	RCT	Bilateral / right DLPFC	Figure-8	Bilateral / right DLPFC	rTMS	20	100% MT	—	—	5 cm	—	10	Both active arms reduced PTSD symptoms vs sham	https://pubmed.ncbi.nlm.nih.gov/?term=Ahmadizadeh%202018%20TMS
☺ (modest)	Schizophrenia	AVH RCT		Fitzgerald	Australia	2005	Schizophr Res	LF rTMS of the left temporoparietal cortex for auditory hallucinations	RCT	1Hz TPC	Figure-8	Left temporoparietal	rTMS	1	90% MT	—	—	T3-P3	—	10	Modest reduction in hallucinations vs sham	https://pubmed.ncbi.nlm.nih.gov/?term=Fitzgerald%202005%20TMS
☺ (modest)	Schizophrenia	AVH fMRI-guided		Vercammen	Netherlands	2009	Schizophr Res	LF rTMS of left TPC (standard vs bilateral) for auditory hallucinations	RCT	Standard vs bilateral	Figure-8	Left / bilateral TPC	rTMS	1	90% MT	1200	—	10-20	—	12	Left TPC rTMS reduced hallucinations; bilateral not superior	https://pubmed.ncbi.nlm.nih.gov/?term=Vercammen%202009%20TMS
☹	Schizophrenia	AVH negative		Slotema	Netherlands	2011	Biol Psychiatry	fMRI-guided rTMS for auditory verbal hallucinations: randomized controlled trial	RCT	fMRI-guided vs standard vs sham	Figure-8	Left TPC / fMRI focus	rTMS	1	90% MT	1200	—	fMRI / 10-20	—	15	No superiority over sham (valid negative)	https://pubmed.ncbi.nlm.nih.gov/?term=Slotema%202011%20TMS
☺	Schizophrenia	Negative symptoms RCT		Dlabac-de Lange	Netherlands	2015	Psychol Med	Bilateral rTMS of DLPFC for negative symptoms of schizophrenia: multicenter RCT	RCT, multicenter	10Hz bilateral DLPFC	Figure-8	Bilateral DLPFC	rTMS	10	110% MT	—	—	10-20	—	15	Improved SANS negative symptoms vs sham (up to 3 mo)	https://pubmed.ncbi.nlm.nih.gov/?term=Dlabac-de%20Lange%202015%20TMS
☺ (modest)	Schizophrenia	Negative symptoms meta		He	China	2017	Psychiatry Res	HF rTMS of left DLPFC for negative symptoms of schizophrenia: meta-analysis	Meta-analysis	Pooled RCTs	Figure-8	Left DLPFC	rTMS	10	—	—	—	—	—	—	HF-left DLPFC improves negative symptoms (small-moderate)	https://pubmed.ncbi.nlm.nih.gov/?term=He%202017%20TMS
☺ (modest)	Migraine	Single-pulse acute RCT		Conforto	Brazil	2014	Cephalalgia	Single-pulse TMS for acute migraine without aura: randomized sham-controlled trial	RCT	sTMS occipital	Handheld sTMS	Occipital cortex	single-pulse	—	fixed	—	—	occiput	seconds	PRN	Some acute benefit; smaller than aura studies	https://pubmed.ncbi.nlm.nih.gov/?term=Conforto%202014%20TMS
☺ (modest)	Migraine	HF M1 prophylaxis		Kalita	India	2021	Neurol Sci	HF rTMS of M1 for migraine prophylaxis: randomized sham-controlled trial	RCT	10Hz M1	Figure-8	Motor cortex (M1)	rTMS	10	80% RMT	600	—	motor hotspot	—	3	Reduced migraine frequency vs sham	https://pubmed.ncbi.nlm.nih.gov/?term=Kalita%202021%20TMS
☺	Neuropathic pain	M1 rTMS RCT		Lefaucheur	France	2004	Neurology	Neurogenic pain relief by rTMS of precentral (motor) cortex	RCT / crossover	HF M1 contralateral to pain	Figure-8	Motor cortex (M1)	rTMS	10	80-90% RMT	1000-2000	—	navigation	~20 min	single/short	Significant analgesia vs sham; somatotopic specificity	https://pubmed.ncbi.nlm.nih.gov/?term=Lefaucheur%202004%20TMS
☺ (modest)	Neuropathic pain	M1 rTMS		Saitoh	Japan	2007	J Neurosurg	rTMS of the primary motor cortex for intractable deafferentation pain	RCT / crossover	5-10Hz M1	Figure-8	Motor cortex (M1)	rTMS	5-10	90% RMT	—	—	navigation	—	single/short	HF M1 rTMS reduced pain; frequency-dependent	https://pubmed.ncbi.nlm.nih.gov/?term=Saitoh%202007%20TMS
☺	Neuropathic pain	Multicenter RCT		Hosomi	Japan (7 centers)	2013	Pain	Daily M1 rTMS for neuropathic pain: multicenter randomized crossover sham-controlled trial	RCT, n=70	5Hz M1, crossover	Figure-8	Motor cortex (M1)	rTMS	5	90% RMT	500	5000 (10)	navigation	—	10	Significant short-term pain relief vs sham (no carry-over)	https://pubmed.ncbi.nlm.nih.gov/?term=Hosomi%202013%20TMS
☺ (modest)	Fibromyalgia	M1 rTMS RCT		Boyer	France	2014	Neurology	M1 rTMS for fibromyalgia: randomized controlled trial with fMRI	RCT	HF M1	Figure-8	Left M1	rTMS	10	80% RMT	1500	—	navigation	—	14	Improved quality of life; limbic connectivity changes	https://pubmed.ncbi.nlm.nih.gov/?term=Boyer%202014%20TMS
☺ (modest)	Fibromyalgia	DLPFC rTMS RCT		Short	USA	2011	Pain	HF rTMS of left DLPFC for fibromyalgia: randomized sham-controlled trial	RCT	10Hz L-DLPFC	Figure-8	Left DLPFC	rTMS	10	120% RMT	4000	—	5 cm	—	10	Reduced pain and improved mood vs sham	https://pubmed.ncbi.nlm.nih.gov/?term=Short%202011%20TMS
☺ (modest)	Phantom limb pain	M1 rTMS RCT		Malavera	Colombia	2016	J Pain	HF rTMS of M1 for phantom limb pain after landmine injury: randomized trial	RCT, n=54	10Hz M1	Figure-8	Motor cortex (M1)	rTMS	10	90% RMT	2000	—	motor hotspot	—	10	Reduced phantom limb pain at 15 days (not sustained at 30)	https://pubmed.ncbi.nlm.nih.gov/?term=Malavera%202016%20TMS
☺	Stroke – Motor	Contralesional LF (mechanism)		Takeuchi	Japan	2005	Stroke	LF rTMS of contralesional M1 improves paretic-hand pinch force after stroke	RCT / physiology	Reduces transcallosal inhibition	Figure-8	Contralesional M1	rTMS	1	90% RMT	—	—	motor hotspot	—	single/short	Improved pinch acceleration of paretic hand	https://pubmed.ncbi.nlm.nih.gov/?term=Takeuchi%202005%20TMS
☺ (modest)	Stroke – Motor	HF ipsilesional		Kim	South Korea	2006	Stroke	HF rTMS of ipsilesional M1 enhances motor performance and cortical excitability	RCT / physiology	10Hz ipsilesional	Figure-8	Ipsilesional M1	rTMS	10	80-90% RMT	—	—	motor hotspot	—	single/multiple	Improved motor performance of affected hand	https://pubmed.ncbi.nlm.nih.gov/?term=Kim%202006%20TMS
☺ (modest)	Stroke – Motor	Contralesional LF RCT		Emara	Egypt	2010	Eur J Neurol	LF vs HF rTMS for motor recovery after stroke: randomized study	RCT	1Hz contralesional / 5Hz ipsilesional	Figure-8	Contralesional / ipsilesional M1	rTMS	1 / 5	80-100% RMT	—	—	motor hotspot	—	10	Both improved motor function and disability vs sham	https://pubmed.ncbi.nlm.nih.gov/?term=Emara%202010%20TMS
☺ (modest)	Stroke – Motor	Contralesional LF + therapy		Conforto	Brazil	2012	Neurorehabil Neural Repair	LF rTMS of contralesional M1 plus rehabilitation in subacute stroke: RCT	RCT	1Hz + therapy	Figure-8	Contralesional M1	rTMS	1	90% RMT	1500	—	motor hotspot	—	10	Greater motor gains with active rTMS + therapy	https://pubmed.ncbi.nlm.nih.gov/?term=Conforto%202012%20TMS
☹	Stroke – Motor	Contralesional negative		Seniów	Poland	2012	Neurorehabil Neural Repair	LF rTMS of contralesional M1 combined with therapy after stroke: RCT	RCT	1Hz + therapy	Figure-8	Contralesional M1	rTMS	1	90% RMT	1800	—	motor hotspot	—	15	No added benefit over therapy + sham (valid negative)	https://pubmed.ncbi.nlm.nih.gov/?term=Seni%C3%B3w%202012%20TMS
☹	Stroke – Motor	iTBS negative		Talelli	UK	2012	Neurorehabil Neural Repair	Theta-burst stimulation for chronic stroke motor recovery: randomized controlled trial	RCT	iTBS ipsilesional / cTBS contralesional	Figure-8	M1 (ipsi / contra)	iTBS / cTBS	50	80% AMT	600	—	navigation	—	multiple	No significant motor benefit over sham (valid negative)	https://pubmed.ncbi.nlm.nih.gov/?term=Talelli%202012%20TMS
☺ (modest)	Stroke – Aphasia	Right IFG RCT		Weiduschat	Germany	2011	Stroke	LF rTMS of right IFG for subacute aphasia: randomized controlled pilot	RCT	1Hz right IFG	Figure-8	Right IFG	rTMS	1	90% RMT	1200	—	navigation	—	10	Greater language improvement with right-IFG rTMS vs vertex	https://pubmed.ncbi.nlm.nih.gov/?term=Weiduschat%202011%20TMS
☺ (modest)	Stroke – Aphasia	Right IFG RCT		Waldowski	Poland	2012	ScientificWorldJournal	LF rTMS of right IFG for naming in acute aphasia: randomized sham-controlled trial	RCT	1Hz right IFG	Figure-8	Right IFG	rTMS	1	90% RMT	1800	—	navigation	—	15	Trend to improved naming reaction time	https://pubmed.ncbi.nlm.nih.gov/?term=Waldowski%202012%20TMS
☺ (modest)	Stroke – Neglect	Contralesional cTBS		Nyffeler	Switzerland	2009	Stroke	cTBS over contralesional PPC for hemispatial neglect: controlled study	RCT / series	Two-trains cTBS	Figure-8	Contralesional PPC	cTBS	50	100% RMT	—	—	navigation	—	short course	Sustained reduction of neglect after cTBS	https://pubmed.ncbi.nlm.nih.gov/?term=Nyffeler%202009%20TMS
☺ (modest)	Stroke – Neglect	Contralesional cTBS RCT		Koch	Italy	2012	Neurology	cTBS of contralesional PPC for neglect after stroke: randomized sham-controlled trial	RCT	Parietal cTBS	Figure-8	Contralesional PPC	cTBS	50	80% AMT	600	—	navigation	—	10	Improved visuospatial neglect vs sham	https://pubmed.ncbi.nlm.nih.gov/?term=Koch%202012%20TMS
☺	Parkinson's disease	M1 rTMS RCT		Khedr	Egypt	2003	J Neurol Neurosurg Psychiatry	rTMS of the motor cortex improves motor performance in Parkinson disease	RCT	5Hz M1	Figure-8	Motor cortex (M1)	rTMS	5	120% RMT	—	—	motor hotspot	—	6	Improved motor function and walking vs sham	https://pubmed.ncbi.nlm.nih.gov/?term=Khedr%202003%20TMS
☺ (modest)	Parkinson's disease	25Hz gait / bradykinesia		Lomarev	USA (NIH)	2006	Mov Disord	Placebo-controlled study of rTMS for gait and bradykinesia in Parkinson disease	RCT	25Hz M1/DLPFC	Figure-8	M1 / DLPFC	rTMS	25	100% MT	—	—	navigation	—	8 (4 wk)	Improved gait/bradykinesia; cumulative effect lasting ~1 mo	https://pubmed.ncbi.nlm.nih.gov/?term=Lomarev%202006%20TMS
☹	Parkinson's disease	M1 rTMS negative		del Olmo	Spain	2007	J Neurol Neurosurg Psychiatry	LF rTMS of the DLPFC in Parkinson disease: no motor or cognitive benefit	RCT	Sequential LF	Figure-8	DLPFC	rTMS	1	90% RMT	—	—	5 cm	—	10	No significant motor or cognitive benefit (valid negative)	https://pubmed.ncbi.nlm.nih.gov/?term=del%20Olmo%202007%20TMS
☺ (modest)	Parkinson's disease	M1 vs SMA		Shirota	Japan	2013	Neurology	rTMS of SMA in Parkinson disease: randomized controlled trial	RCT, n=106	1Hz vs 10Hz SMA	Figure-8	Supplementary motor area	rTMS	1 / 10	110% RMT	1000	—	navigation	—	8	1Hz SMA improved motor scores; 10Hz did not	https://pubmed.ncbi.nlm.nih.gov/?term=Shirota%202013%20TMS
☺	Parkinson's disease	Motor meta-analysis		Brys	USA	2016	Neurology	rTMS for motor and mood symptoms in Parkinson disease: meta-analysis	Meta-analysis	Pooled RCTs	Figure-8	M1 / DLPFC	rTMS	HF / LF	—	—	—	—	—	—	HF-M1 improves motor (UPDRS-III); DLPFC improves depression	https://pubmed.ncbi.nlm.nih.gov/?term=Brys%202016%20TMS
☺ (modest)	Tourette syndrome	SMA 1Hz RCT		Kwon	South Korea	2011	J Korean Med Sci	LF rTMS of the SMA for tics in children with Tourette syndrome	RCT / open	1Hz SMA	Figure-8	Supplementary motor area	rTMS	1	100% MT	1200	—	10-20	—	10	Reduced tic severity in children	https://pubmed.ncbi.nlm.nih.gov/?term=Kwon%202011%20TMS
☺ (modest)	Tinnitus	LF temporal RCT		Khedr	Egypt	2008	J Neurol Neurosurg Psychiatry	LF rTMS of temporal cortex for chronic tinnitus: randomized study	RCT	1/10/25Hz temporal	Figure-8	Auditory / temporal cortex	rTMS	1	110% RMT	—	—	10-20	—	10	1Hz temporal reduced tinnitus; effect frequency-dependent	https://pubmed.ncbi.nlm.nih.gov/?term=Khedr%202008%20TMS
☺ (modest)	Tinnitus	LF temporal		Kleinjung	Germany	2005	Otolaryngol Head Neck Surg	Neuronavigated LF rTMS of auditory cortex for chronic tinnitus	Pilot / series	PET/fMRI-guided	Figure-8	Auditory cortex	rTMS	1	110% RMT	2000	—	neuronavigation	—	5-10	Reduced tinnitus loudness in responders	https://pubmed.ncbi.nlm.nih.gov/?term=Kleinjung%202005%20TMS
☺ (modest)	Tinnitus	LF temporoparietal RCT		Rossi	Italy	2007	Neurology	LF rTMS of temporoparietal cortex for tinnitus: randomized crossover trial	RCT crossover	1Hz TPC	Figure-8	Temporoparietal cortex	rTMS	1	120% RMT	1200	—	10-20	—	5	Transient tinnitus reduction vs sham	https://pubmed.ncbi.nlm.nih.gov/?term=Rossi%202007%20TMS
☺ (modest)	Tinnitus	Meta-analysis		Liang	China	2020	Front Neurol / meta	rTMS for tinnitus: updated systematic review and meta-analysis	Meta-analysis	Pooled RCTs	Figure-8	Auditory cortex	rTMS	1	—	—	—	—	—	—	Small significant reduction in tinnitus severity; heterogeneous	https://pubmed.ncbi.nlm.nih.gov/?term=Liang%202020%20TMS
☺ (modest)	Alzheimer's disease	neuroAD RCT		Rabey	Israel	2013	J Neural Transm	rTMS combined with cognitive training in Alzheimer disease: randomized double-blind study	RCT	Multi-site targets + training	Figure-8	DLPFC / language / parietal	rTMS	10	90-110% RMT	—	—	navigation	~1 hr	30	Improved ADAS-Cog vs sham (basis for neuroAD program)	https://pubmed.ncbi.nlm.nih.gov/?term=Rabey%202013%20TMS
☺ (modest)	Alzheimer's disease	rTMS + cognitive training		Bentwich	Israel	2011	J Neural Transm	rTMS with cognitive training in Alzheimer disease: proof-of-concept	Open-label	6 cortical targets	Figure-8	6 cortical regions	rTMS	10	90-110% RMT	—	—	navigation	~1 hr	30 + maintenance	Cognitive improvement sustained at 4.5 mo	https://pubmed.ncbi.nlm.nih.gov/?term=Bentwich%202011%20TMS
☺ (modest)	Alzheimer's disease	Precuneus network		Koch	Italy	2018	Neuroimage	20Hz rTMS of the precuneus improves memory in early Alzheimer disease	RCT crossover	Precuneus / DMN	Figure-8	Precuneus	rTMS	20	100% RMT	1600	—	MRI navigation	—	2 weeks	Improved episodic memory vs sham	https://pubmed.ncbi.nlm.nih.gov/?term=Koch%202018%20TMS
☺ (modest)	Cognition – MCI	DLPFC + training		Drumond Marra	Brazil	2015	Behav Neurol	HF rTMS of left DLPFC in amnestic mild cognitive impairment: randomized trial	RCT	10Hz L-DLPFC + training	Figure-8	Left DLPFC	rTMS	10	110% RMT	2000	—	10-20	—	10	Improved memory/executive function vs sham	https://pubmed.ncbi.nlm.nih.gov/?term=Drumond%20Marra%202015%20TMS
☺ (modest)	Cognition – AD	Meta-analysis		Chou	USA / Taiwan	2020	Neurobiol Aging	rTMS for cognition in Alzheimer disease: systematic review and meta-analysis	Meta-analysis	Pooled RCTs	Figure-8	DLPFC / networks	rTMS	HF	—	—	—	—	—	—	HF-rTMS improves cognition in AD (small-moderate, short-term)	https://pubmed.ncbi.nlm.nih.gov/?term=Chou%202020%20TMS
☺ (modest)	ADHD	Right DLPFC		Weaver	USA	2012	J Child Adolesc Psychopharmacol	HF rTMS of right DLPFC for ADHD in adolescents/young adults: pilot RCT	RCT crossover pilot	10Hz right DLPFC	Figure-8	Right DLPFC	rTMS	10	100% MT	—	—	5 cm	—	10	Global improvement; not significant on core ADHD scales	https://pubmed.ncbi.nlm.nih.gov/?term=Weaver%202012%20TMS
☺ (modest)	ADHD	Meta-analysis		Cao	China	2018	J Affect Disord / meta	Non-invasive brain stimulation for ADHD: systematic review and meta-analysis	Meta-analysis	rTMS / tDCS	—	DLPFC	rTMS	HF	—	—	—	—	—	—	Limited evidence; some benefit on attention (low quality)	https://pubmed.ncbi.nlm.nih.gov/?term=Cao%202018%20TMS
☺ (modest)	Insomnia	LF right DLPFC		Jiang	China	2013	Cell Biochem Biophys	LF rTMS of right DLPFC for primary insomnia: randomized controlled trial	RCT	1Hz right DLPFC	Figure-8	Right DLPFC	rTMS	1	80-90% MT	—	—	5 cm	—	10-14	Improved sleep measures vs medication/psychotherapy	https://pubmed.ncbi.nlm.nih.gov/?term=Jiang%202013%20TMS
☺ (modest)	Addiction – Methamphetamine	L-DLPFC		Liang	China	2018	Drug Alcohol Depend	HF rTMS of left DLPFC reduces cue-induced craving in methamphetamine use disorder	RCT	10Hz L-DLPFC	Figure-8	Left DLPFC	rTMS	10	100% RMT	—	—	5 cm	—	single/multiple	Reduced methamphetamine cue-craving vs sham	https://pubmed.ncbi.nlm.nih.gov/?term=Liang%202018%20TMS
☹	Autism spectrum	rTMS RCT (executive)		Ameis	Canada	2020	Trials / Am J Psychiatry	rTMS of dorsomedial PFC for executive function in autism: randomized controlled trial	RCT	20Hz dmPFC	Figure-8	Dorsomedial PFC	rTMS	20	—	—	—	navigation	—	20	No significant benefit on primary executive outcome (valid negative)	https://pubmed.ncbi.nlm.nih.gov/?term=Ameis%202020%20TMS
☺ (modest)	Post-stroke depression	L-DLPFC		Jorge	USA	2004	Biol Psychiatry	rTMS of left DLPFC for post-stroke depression: sham-controlled trial	RCT	10Hz L-DLPFC	Figure-8	Left DLPFC	rTMS	10	110% RMT	—	—	5 cm	—	10	Reduced post-stroke depression vs sham	https://pubmed.ncbi.nlm.nih.gov/?term=Jorge%202004%20TMS
☹	Amyotrophic lateral sclerosis	cTBS negative		Di Lazzaro	Italy	2009	Amyotroph Lateral Scler	Repetitive cTBS of motor cortex in ALS: randomized controlled trial	RCT	Monthly cTBS	Figure-8	Motor cortex (M1)	cTBS	50	80% AMT	—	—	navigation	—	monthly	No slowing of disease progression (valid negative)	https://pubmed.ncbi.nlm.nih.gov/?term=Di%20Lazzaro%202009%20TMS
☺ (modest)	Disorders of consciousness	DLPFC HF		Naro	Italy	2016	Neuroscience / Brain Stimul	HF rTMS of DLPFC in disorders of consciousness: exploratory study	Exploratory	DLPFC HF	Figure-8	DLPFC	rTMS	10-20	90-100% RMT	—	—	navigation	—	variable	Transient signs of responsiveness in minimally conscious	https://pubmed.ncbi.nlm.nih.gov/?term=Naro%202016%20TMS
⚔ ref	Methodology	Foundational (first TMS)		Barker	UK	1985	Lancet	Non-invasive magnetic stimulation of human motor cortex	Technical report	Invented TMS	Circular	Motor cortex (M1)	single-pulse	—	supra-threshold	1	—	vertex/M1	—	1	First non-invasive magnetic stimulation of human cortex (the origin of TMS)	https://pubmed.ncbi.nlm.nih.gov/?term=Barker%201985%20TMS
⚔ ref	Methodology	Foundational (theta burst)		Huang	UK	2005	Neuron	Theta burst stimulation of the human motor cortex	Physiology / methods	Introduced TBS	Figure-8	Motor cortex (M1)	TBS (iTBS / cTBS)	50 (triplet @5Hz)	80% AMT	600	—	motor hotspot	40-190 s	1	Defined iTBS (facilitatory) and cTBS (inhibitory) protocols now used clinically	https://pubmed.ncbi.nlm.nih.gov/?term=Huang%202005%20TMS
⚔ ref	Methodology	Motor threshold definition		Chen	USA (NIH)	1997	Neurology	Depression of motor cortex excitability by LF rTMS	Physiology	1Hz reduces excitability	Figure-8	Motor cortex (M1)	rTMS	1	—	—	—	motor hotspot	—	1	Showed 1Hz rTMS lastingly reduces cortical excitability (basis of inhibitory protocols)	https://pubmed.ncbi.nlm.nih.gov/?term=Chen%201997%20TMS
⚔ ref	Methodology	Primer / review		Hallett	USA (NIH)	2007	Neuron	Transcranial magnetic stimulation: a primer	Review	Widely cited primer	—	—	rTMS / single-pulse	—	—	—	—	—	—	—	Standard reference on TMS mechanisms and applications	https://pubmed.ncbi.nlm.nih.gov/?term=Hallett%202007%20TMS
⚔ ref	Methodology	Mechanisms review		Klomjai	Thailand / France	2015	Ann Phys Rehabil Med	Basic principles of transcranial magnetic stimulation and rTMS	Review	Teaching reference	—	—	rTMS / TBS	—	—	—	—	—	—	—	Accessible review of TMS/rTMS principles and rehabilitation uses	https://pubmed.ncbi.nlm.nih.gov/?term=Klomjai%202015%20TMS