★,Category,Subcategory,,First author,Country,Year,Journal,Title,Study type,Notes,Modality,Target / location,Frequency (Hz),Current (mA),Pulse width (µs),Duty cycle (on/off),Paired therapy,Device,Duration (per session),N sessions / therapy length,Results (☺ positive / modest / ☹ null → conclusions),Link
☺,Epilepsy,First RCT (E03),,Ben-Menachem,Sweden / USA,1994,Epilepsia,Vagus nerve stimulation for treatment of partial seizures: a controlled study (E03),"RCT, n=114",First controlled VNS epilepsy trial,Implanted cervical,Left cervical vagus,30,0.25-3.0,500,30s on / 5min off,—,NCP (Cyberonics),chronic,chronic (implanted),High-stimulation reduced seizure frequency ~24% vs low; launched clinical VNS,https://pubmed.ncbi.nlm.nih.gov/?term=Ben-Menachem%201994%20vagus%20nerve%20stimulation
☺,Epilepsy,Pivotal RCT (E05),,Handforth,USA,1998,Neurology,Vagus nerve stimulation therapy for partial-onset seizures: a randomized active-control trial (E05),"RCT, n=196",Pivotal FDA trial (approved 1997),Implanted cervical,Left cervical vagus,30,up to ~3.5,500,30s on / 5min off,—,NCP,chronic,chronic (implanted),~28% seizure reduction (high) vs ~15% (low) at 3 mo,https://pubmed.ncbi.nlm.nih.gov/?term=Handforth%201998%20vagus%20nerve%20stimulation
☺,Epilepsy,Long-term outcomes,,Morris & Mueller,USA,1999,Neurology,Long-term treatment with vagus nerve stimulation in patients with refractory epilepsy (XE5),"Open-label follow-up, n=440",Efficacy grows over time,Implanted cervical,Left cervical vagus,20-30,1-3.5,250-500,30s on / 5min off,—,NCP,chronic,1-3 yr,Seizure reduction increased to ~44% at 3 yr; efficacy improves over time,https://pubmed.ncbi.nlm.nih.gov/?term=Morris%20Mueller%201999%20vagus%20nerve%20stimulation
☺ (modest),Epilepsy,High vs low (mechanism),,DeGiorgio,USA,2000,Epilepsia,Prospective long-term study of vagus nerve stimulation for refractory seizures,"Prospective, n=195",Rapid vs standard cycling,Implanted cervical,Left cervical vagus,30,1.5-2.25,250-500,30s on / 5min off,—,NCP,chronic,1 yr,~45% median seizure reduction at 12 mo,https://pubmed.ncbi.nlm.nih.gov/?term=DeGiorgio%202000%20vagus%20nerve%20stimulation
☺ (modest),Epilepsy,QoL RCT (PuLsE),,Ryvlin,France / EU,2014,Epilepsia,Long-term surveillance of VNS + best medical practice vs best medical practice alone (PuLsE),"RCT, n=112",Adjunctive VNS vs medical,Implanted cervical,Left cervical vagus,20-30,titrated,250-500,30s on / 5min off,—,VNS Therapy,chronic,12 mo,Greater QoL improvement with VNS + medical care vs medical alone,https://pubmed.ncbi.nlm.nih.gov/?term=Ryvlin%202014%20vagus%20nerve%20stimulation
☺,Epilepsy,Large registry / predictors,,Elliott,USA,2011,Epilepsy Behav,Vagus nerve stimulation in 436 consecutive patients with treatment-resistant epilepsy: long-term outcomes,"Retrospective, n=436",Predictors of response,Implanted cervical,Left cervical vagus,20-30,titrated,250-500,varied,—,VNS Therapy,chronic,multi-year,~64% had >=50% seizure reduction long-term; ~9% seizure-free,https://pubmed.ncbi.nlm.nih.gov/?term=Elliott%202011%20vagus%20nerve%20stimulation
☺,Epilepsy,Systematic review,,Englot,USA,2011,J Neurosurg,Vagus nerve stimulation for epilepsy: a meta-analysis of efficacy and predictors of response,"Meta-analysis, 74 studies, n=3321",Pooled outcomes,Implanted cervical,Left cervical vagus,20-30,—,—,varied,—,VNS Therapy,chronic,—,~51% of patients achieve >=50% reduction; efficacy improves over time,https://pubmed.ncbi.nlm.nih.gov/?term=Englot%202011%20vagus%20nerve%20stimulation
☺ (modest),Epilepsy,Children RCT,,Klinkenberg,Netherlands,2012,Dev Med Child Neurol,Vagus nerve stimulation in children with intractable epilepsy: randomized controlled trial,"RCT, n=41",High vs low in children,Implanted cervical,Left cervical vagus,30,titrated,250-500,30s on / 5min off,—,VNS Therapy,chronic,chronic,No significant difference high vs low in blinded phase; open benefit,https://pubmed.ncbi.nlm.nih.gov/?term=Klinkenberg%202012%20vagus%20nerve%20stimulation
⚔ ref,Epilepsy,Evidence guideline,,Morris,USA (AAN),2013,Neurology,Evidence-based guideline update: vagus nerve stimulation for the treatment of epilepsy,Guideline,AAN evidence review,Implanted cervical,Left cervical vagus,20-30,—,—,—,—,—,chronic,—,VNS reasonable for refractory epilepsy; efficacy improves over 2 yr; may reduce SUDEP,https://pubmed.ncbi.nlm.nih.gov/?term=Morris%202013%20vagus%20nerve%20stimulation
☺ (modest),Epilepsy,Rapid-cycling / seizure detection,,Boon,Belgium,2015,Seizure,Vagus nerve stimulation with cardiac-based seizure detection (AspireSR),Prospective,Closed-loop responsive VNS,Implanted cervical,Left cervical vagus,20-30,titrated,250-500,responsive (cardiac-triggered),—,AspireSR,chronic,chronic,Automatic tachycardia-triggered stimulation aborted/shortened some seizures,https://pubmed.ncbi.nlm.nih.gov/?term=Boon%202015%20vagus%20nerve%20stimulation
☺ (modest),Epilepsy,taVNS pilot,,Stefan,Germany,2012,Epilepsia,Transcutaneous vagus nerve stimulation (t-VNS) in pharmacoresistant epilepsy: a pilot study,"Pilot, n=10",Auricular taVNS,taVNS,Auricular (tragus),25,0.5-1.0,250,30s on / varied,—,NEMOS,1 hr x3/day,9 mo,Reduced seizures in subset; feasible non-invasive alternative,https://pubmed.ncbi.nlm.nih.gov/?term=Stefan%202012%20vagus%20nerve%20stimulation
☺ (modest),Epilepsy,taVNS RCT,,Bauer,Germany,2016,Brain Stimul,Transcutaneous vagus nerve stimulation (tVNS) for treatment of drug-resistant epilepsy (cMPsE02),"RCT, n=76",1Hz vs 25Hz active-control,taVNS,Auricular (cymba conchae),25 vs 1,0.5-1.0,250,4h/day,—,NEMOS,4 h/day,20 wk,Both arms improved; 25Hz not superior to 1Hz control (interpret cautiously),https://pubmed.ncbi.nlm.nih.gov/?term=Bauer%202016%20vagus%20nerve%20stimulation
☺ (modest),Epilepsy,taVNS children,,He,China,2013,Epilepsy Behav,Transcutaneous auricular vagus nerve stimulation for pediatric epilepsy: feasibility,"Pilot, children",Auricular taVNS,taVNS,Auricular (concha),20-30,to tolerance,200-300,varied,—,—,—,24 wk,Reduced seizure frequency in children (pilot),https://pubmed.ncbi.nlm.nih.gov/?term=He%202013%20vagus%20nerve%20stimulation
☺ (modest),Depression (MDD),Pilot (D01),,Rush,USA,2000,Biol Psychiatry,Vagus nerve stimulation for treatment-resistant depression: a multicenter study of efficacy and safety,"Open pilot, n=30",First VNS depression study,Implanted cervical,Left cervical vagus,20-30,0.25-3.0,250-500,30s on / 5min off,—,NCP,chronic,10 wk,~40% response in open-label pilot,https://pubmed.ncbi.nlm.nih.gov/?term=Rush%202000%20vagus%20nerve%20stimulation
☺ (modest),Depression (MDD),Pilot predictors,,Sackeim,USA,2001,Neuropsychopharmacology,"Vagus nerve stimulation for treatment-resistant depression: efficacy, side effects, predictors of outcome","Open pilot, n=59",Lower antidepressant resistance predicts response,Implanted cervical,Left cervical vagus,20-30,titrated,250-500,30s on / 5min off,—,NCP,chronic,10 wk,Response better in less treatment-resistant patients,https://pubmed.ncbi.nlm.nih.gov/?term=Sackeim%202001%20vagus%20nerve%20stimulation
☹,Depression (MDD),Pivotal acute RCT (D02),,Rush,USA,2005,Biol Psychiatry,Vagus nerve stimulation for treatment-resistant depression: a randomized controlled acute-phase trial (D02),"RCT, n=235",Negative on primary endpoint,Implanted cervical,Left cervical vagus,20-30,titrated,250-500,30s on / 5min off,—,VNS Therapy,chronic,10 wk,No significant difference vs sham at 10 wk (valid negative on primary),https://pubmed.ncbi.nlm.nih.gov/?term=Rush%202005%20vagus%20nerve%20stimulation
☺ (modest),Depression (MDD),Naturalistic 12-month,,Rush,USA,2005,Biol Psychiatry,Vagus nerve stimulation for treatment-resistant depression: 12-month outcomes,"Open follow-up, n=205",Benefit accrues over time,Implanted cervical,Left cervical vagus,20-30,titrated,250-500,30s on / 5min off,—,VNS Therapy,chronic,12 mo,Response ~27% and remission ~16% at 12 mo; improvement over time,https://pubmed.ncbi.nlm.nih.gov/?term=Rush%202005%20vagus%20nerve%20stimulation
☺ (modest),Depression (MDD),VNS + TAU vs TAU,,George,USA,2005,Biol Psychiatry,A one-year comparison of vagus nerve stimulation with treatment as usual for treatment-resistant depression,"Comparative, n=205 vs 124",Adjunctive VNS vs usual care,Implanted cervical,Left cervical vagus,20-30,titrated,250-500,30s on / 5min off,—,VNS Therapy,chronic,12 mo,VNS + TAU outperformed TAU alone over 12 mo (basis of FDA approval 2005),https://pubmed.ncbi.nlm.nih.gov/?term=George%202005%20vagus%20nerve%20stimulation
☺,Depression (MDD),5-year registry,,Aaronson,USA,2017,Am J Psychiatry,A 5-year observational study of patients with treatment-resistant depression treated with VNS or treatment as usual,"Registry, n=795",Largest long-term dataset,Implanted cervical,Left cervical vagus,20-30,titrated,250-500,30s on / 5min off,—,VNS Therapy,chronic,5 yr,VNS + TAU: higher cumulative response (~68%) and remission and lower mortality vs TAU,https://pubmed.ncbi.nlm.nih.gov/?term=Aaronson%202017%20vagus%20nerve%20stimulation
☺ (modest),Depression (MDD),Meta-analysis,,Berry,USA,2013,Med Devices (Auckl),A patient-level meta-analysis of studies evaluating VNS therapy for treatment-resistant depression,Meta-analysis,Pooled VNS depression,Implanted cervical,Left cervical vagus,20-30,—,—,—,—,VNS Therapy,chronic,—,VNS + TAU superior to TAU on response over time,https://pubmed.ncbi.nlm.nih.gov/?term=Berry%202013%20vagus%20nerve%20stimulation
☺ (modest),Depression (MDD),European long-term,,Bajbouj,Germany,2010,J Clin Psychopharmacol,Two-year outcome of vagus nerve stimulation in treatment-resistant depression,"Open follow-up, n=74",European cohort,Implanted cervical,Left cervical vagus,20-30,titrated,250-500,30s on / 5min off,—,VNS Therapy,chronic,2 yr,Response ~53% and remission ~33% at 2 yr,https://pubmed.ncbi.nlm.nih.gov/?term=Bajbouj%202010%20vagus%20nerve%20stimulation
☺ (modest),Depression (MDD),taVNS pilot,,Hein,Germany,2013,J Neural Transm,Auricular transcutaneous electrical nerve stimulation in depressed patients: a randomized controlled pilot study,"RCT pilot, n=37",Add-on taVNS,taVNS,Auricular (concha),0.5-25,to tolerance,250,varied,—,—,15-30 min,2 wk,Add-on taVNS reduced depression scores vs sham,https://pubmed.ncbi.nlm.nih.gov/?term=Hein%202013%20vagus%20nerve%20stimulation
☺ (modest),Depression (MDD),taVNS RCT,,Rong,China,2016,J Affect Disord,Transcutaneous vagus nerve stimulation for the treatment of depression: a study protocol / RCT,"RCT, n=160",Larger taVNS depression trial,taVNS,Auricular (cymba conchae),20,4-6,200-300,30s on / 30s off,—,—,30 min x2/day,12 wk,taVNS reduced HAMD vs sham-control ear site,https://pubmed.ncbi.nlm.nih.gov/?term=Rong%202016%20vagus%20nerve%20stimulation
☺ (modest),Depression (MDD),taVNS + fMRI,,Fang,China,2016,Biol Psychiatry,Transcutaneous vagus nerve stimulation modulates default mode network in major depressive disorder,"RCT + fMRI, n=49",Mechanism + clinical,taVNS,Auricular (cymba conchae),20,4-6,200-300,30s on / 30s off,—,—,30 min,4 wk,Clinical improvement with DMN-insula connectivity changes,https://pubmed.ncbi.nlm.nih.gov/?term=Fang%202016%20vagus%20nerve%20stimulation
☺ (modest),Depression (MDD),taVNS meta-analysis,,Trevizol,Brazil,2016,J ECT / meta,Transcutaneous vagus nerve stimulation for major depressive disorder: systematic review,Systematic review,Pooled taVNS depression,taVNS,Auricular,20-25,—,—,—,—,—,—,—,taVNS shows antidepressant signal; larger RCTs needed,https://pubmed.ncbi.nlm.nih.gov/?term=Trevizol%202016%20vagus%20nerve%20stimulation
☺,Cluster headache,Acute RCT (ACT1),,Silberstein,USA,2016,Neurology,Non-invasive vagus nerve stimulation for the acute treatment of cluster headache (ACT1),"RCT, n=133",gammaCore acute; FDA cleared 2017,tcVNS,Cervical vagus (neck),25 (5kHz bursts),to tolerance,1 ms bursts,120 s x up to 3,—,gammaCore,2 min x3,per attack,Higher response for episodic cluster; shorter attacks vs sham,https://pubmed.ncbi.nlm.nih.gov/?term=Silberstein%202016%20vagus%20nerve%20stimulation
☺ (modest),Cluster headache,Acute RCT (ACT2),,Goadsby,UK / EU,2018,Cephalalgia,Non-invasive vagus nerve stimulation for the acute treatment of episodic and chronic cluster headache (ACT2),"RCT, n=92",Acute cluster,tcVNS,Cervical vagus (neck),25 (5kHz bursts),to tolerance,1 ms bursts,120 s x3,—,gammaCore,2 min x3,per attack,Pain-free at 15 min higher vs sham in episodic cluster,https://pubmed.ncbi.nlm.nih.gov/?term=Goadsby%202018%20vagus%20nerve%20stimulation
☺,Cluster headache,Prevention RCT (PREVA),,Gaul,Germany / EU,2016,Cephalalgia,Non-invasive vagus nerve stimulation for prevention of chronic cluster headache (PREVA),"RCT, n=97",Prophylaxis,tcVNS,Cervical vagus (neck),25 (5kHz bursts),to tolerance,1 ms bursts,"120 s x2, 3x/day",—,gammaCore,2 min doses,4 wk,Reduced attack frequency added to standard care in chronic cluster,https://pubmed.ncbi.nlm.nih.gov/?term=Gaul%202016%20vagus%20nerve%20stimulation
☺,Migraine,Acute RCT (PRESTO),,Tassorelli,Italy / EU / USA,2018,Neurology,Non-invasive vagus nerve stimulation as acute therapy for migraine (PRESTO),"RCT, n=248",gammaCore acute migraine; FDA 2018,tcVNS,Cervical vagus (neck),25 (5kHz bursts),to tolerance,1 ms bursts,120 s x up to 3,—,gammaCore,2 min doses,per attack,Higher pain-free rate at 30-60 min vs sham,https://pubmed.ncbi.nlm.nih.gov/?term=Tassorelli%202018%20vagus%20nerve%20stimulation
☺ (modest),Migraine,Prevention RCT (PREMIUM),,Diener,Germany / EU,2019,Cephalalgia,Non-invasive vagus nerve stimulation for prevention of migraine (PREMIUM),"RCT, n=332",Prophylaxis,tcVNS,Cervical vagus (neck),25 (5kHz bursts),to tolerance,1 ms bursts,"120 s x2, 3x/day",—,gammaCore,2 min doses,12 wk,Did not meet primary; benefit in adherent subgroup / open-label extension,https://pubmed.ncbi.nlm.nih.gov/?term=Diener%202019%20vagus%20nerve%20stimulation
☺ (modest),Migraine,Chronic migraine (EVENT),,Silberstein,USA,2016,Headache,Chronic migraine prevention with non-invasive vagus nerve stimulation (EVENT),"RCT pilot, n=59",Prophylaxis chronic migraine,tcVNS,Cervical vagus (neck),25 (5kHz bursts),to tolerance,1 ms bursts,90-120 s x3/day,—,gammaCore,doses,2+6 mo,Trend to fewer headache days; positive in open-label phase,https://pubmed.ncbi.nlm.nih.gov/?term=Silberstein%202016%20vagus%20nerve%20stimulation
☺ (modest),Migraine,taVNS prevention RCT,,Straube,Germany,2015,J Headache Pain,Transcutaneous vagus nerve stimulation for chronic migraine prevention: randomized controlled trial,"RCT, n=46",1Hz vs 25Hz auricular,taVNS,Auricular (cymba conchae),1 vs 25,to tolerance,250,4h/day,—,NEMOS,4 h/day,3 mo,1Hz reduced headache days more than 25Hz control,https://pubmed.ncbi.nlm.nih.gov/?term=Straube%202015%20vagus%20nerve%20stimulation
☺ (modest),Stroke rehabilitation,Pilot RCT,,Dawson,UK,2016,Stroke,Vagus nerve stimulation paired with upper-limb rehabilitation after chronic stroke: pilot randomized trial,"RCT pilot, n=21",Implanted VNS + rehab,Implanted cervical,Left cervical vagus,30,0.8,100,0.5s bursts with movement,with upper-limb rehab,MicroTransponder,rehab sessions,6 wk,Greater arm-function gains with VNS-paired rehab (feasibility),https://pubmed.ncbi.nlm.nih.gov/?term=Dawson%202016%20vagus%20nerve%20stimulation
☺ (modest),Stroke rehabilitation,Randomized pilot,,Kimberley,USA,2018,Stroke,Vagus nerve stimulation paired with upper-limb rehabilitation after chronic stroke,"RCT, n=17",Blinded pilot,Implanted cervical,Left cervical vagus,30,0.8,100,"0.5s bursts, movement-paired",with upper-limb rehab,MicroTransponder,rehab sessions,6 wk + home,VNS + rehab improved FMA-UE; supported pivotal trial,https://pubmed.ncbi.nlm.nih.gov/?term=Kimberley%202018%20vagus%20nerve%20stimulation
☺,Stroke rehabilitation,Pivotal RCT (VNS-REHAB),,Dawson,UK / USA multicenter,2021,Lancet,Vagus nerve stimulation paired with rehabilitation for upper limb motor function after ischaemic stroke (VNS-REHAB),"RCT, n=108",FDA-approved Vivistim 2021,Implanted cervical,Left cervical vagus,30,0.8,100,"0.5s bursts, movement-paired",with upper-limb rehab,Vivistim,rehab sessions,6 wk in-clinic + home,Clinically meaningful FMA-UE response 47% vs 24% at 90 days,https://pubmed.ncbi.nlm.nih.gov/?term=Dawson%202021%20vagus%20nerve%20stimulation
☺ (modest),Stroke rehabilitation,taVNS + rehab,,Capone,Italy,2017,Neural Plast,Transcutaneous vagus nerve stimulation combined with robotic rehabilitation improves upper-limb function after stroke,RCT pilot,Non-invasive taVNS + robot rehab,taVNS,Auricular (tragus),20-25,to tolerance,200-300,paired with movement,with robotic rehab,—,rehab sessions,weeks,Trend to greater motor gains with taVNS-paired rehab,https://pubmed.ncbi.nlm.nih.gov/?term=Capone%202017%20vagus%20nerve%20stimulation
⚔ ref,Inflammation / autoimmune,Foundational (inflammatory reflex),,Tracey,USA,2002,Nature,The inflammatory reflex,Review / concept,Cholinergic anti-inflammatory pathway,—,Vagus nerve,—,—,—,—,—,—,—,Defined the neural inflammatory reflex — rationale for VNS in inflammation,,https://pubmed.ncbi.nlm.nih.gov/?term=Tracey%202002%20vagus%20nerve%20stimulation
☺,Inflammation / autoimmune,Foundational (animal),,Borovikova,USA,2000,Nature,Vagus nerve stimulation attenuates the systemic inflammatory response to endotoxin,"Animal, rat",Vagus stim inhibits TNF,Implanted cervical,Cervical vagus,1-5,1-5,2 ms,continuous,—,—,10 min,1,Efferent vagus stimulation suppressed TNF and endotoxic shock (mechanism),https://pubmed.ncbi.nlm.nih.gov/?term=Borovikova%202000%20vagus%20nerve%20stimulation
☺,Rheumatoid arthritis,Implanted VNS pilot,,Koopman,Netherlands / intl,2016,PNAS,Vagus nerve stimulation inhibits cytokine production and attenuates disease severity in rheumatoid arthritis,"Open pilot, n=17",First human RA VNS,Implanted cervical,Left cervical vagus,10,0.25-2.0,250,"60 s, 1-4x/day",—,Cyberonics/SetPoint,1-4 min/day,84 days,Reduced TNF and DAS28 disease activity; proof of inflammatory reflex in humans,https://pubmed.ncbi.nlm.nih.gov/?term=Koopman%202016%20vagus%20nerve%20stimulation
☺ (modest),Rheumatoid arthritis,Micro-regulator RA,,Genovese,USA / intl,2020,Lancet Rheumatol,Neurostimulation of the vagus nerve (micro-regulator) for rheumatoid arthritis: proof-of-concept,RCT pilot,Miniaturized implant,Implanted cervical,Left cervical vagus,—,titrated,—,1-4x/day,—,SetPoint micro-regulator,min/day,12 wk,Reduced disease activity in a subset; feasible,https://pubmed.ncbi.nlm.nih.gov/?term=Genovese%202020%20vagus%20nerve%20stimulation
☺ (modest),Crohn's disease / IBD,Implanted VNS pilot,,Bonaz,France,2016,Neurogastroenterol Motil,Chronic vagus nerve stimulation in Crohn's disease: a 6-month follow-up pilot study,"Pilot, n=7",Anti-inflammatory VNS,Implanted cervical,Left cervical vagus,10,0.25-1.5,500,30s on / 5min off,—,—,chronic,6 mo,Clinical and endoscopic remission in most patients (pilot),https://pubmed.ncbi.nlm.nih.gov/?term=Bonaz%202016%20vagus%20nerve%20stimulation
☺ (modest),Sjögren / lupus,taVNS pilot,,Aranow,USA,2021,Ann Rheum Dis / Lupus Sci Med,Transcutaneous auricular vagus nerve stimulation reduces fatigue/pain in Sjögren and SLE,Pilot,Non-invasive taVNS,taVNS,Auricular,—,to tolerance,—,4-5 min/day,—,—,min/day,weeks,Reduced fatigue and musculoskeletal pain (pilot),https://pubmed.ncbi.nlm.nih.gov/?term=Aranow%202021%20vagus%20nerve%20stimulation
☺ (modest),Heart failure,Open-label (ANTHEM-HF),,Premchand,India,2014,J Card Fail,Autonomic regulation therapy via left or right cervical vagus nerve stimulation in patients with chronic heart failure (ANTHEM-HF),"Open-label, n=60",VNS improved EF/function,Implanted cervical,Left or right cervical vagus,10,titrated,300,varied,—,Cyberonics,chronic,6 mo,"Improved ejection fraction, NYHA class, and QoL (open-label)",https://pubmed.ncbi.nlm.nih.gov/?term=Premchand%202014%20vagus%20nerve%20stimulation
☹,Heart failure,RCT negative (INOVATE-HF),,Gold,USA / intl,2016,J Am Coll Cardiol,Vagus nerve stimulation for the treatment of heart failure: the INOVATE-HF trial,"RCT, n=707",Negative primary,Implanted cervical,Right cervical vagus,—,titrated,—,closed-loop,—,CardioFit,chronic,~16 mo,No reduction in death or HF events vs control (valid negative),https://pubmed.ncbi.nlm.nih.gov/?term=Gold%202016%20vagus%20nerve%20stimulation
☹,Heart failure,RCT negative (NECTAR-HF),,Zannad,France / EU,2015,Eur Heart J,Chronic vagal stimulation for the treatment of low ejection fraction heart failure (NECTAR-HF),"RCT, n=96",Negative primary,Implanted cervical,Right cervical vagus,—,titrated,—,continuous,—,Boston Scientific,chronic,6 mo,No improvement in LV remodeling primary endpoint (valid negative),https://pubmed.ncbi.nlm.nih.gov/?term=Zannad%202015%20vagus%20nerve%20stimulation
☺ (modest),Atrial fibrillation,taVNS RCT,,Stavrakis,USA,2015,J Am Coll Cardiol,Low-level transcutaneous electrical stimulation of the auricular branch of the vagus nerve suppresses atrial fibrillation,"RCT crossover, n=40",Low-level taVNS,taVNS,Auricular (tragus),20,1 mA below discomfort,200-300,1 hr,—,—,1 hr,acute,Reduced AF inducibility and inflammatory cytokines,https://pubmed.ncbi.nlm.nih.gov/?term=Stavrakis%202015%20vagus%20nerve%20stimulation
☺ (modest),Atrial fibrillation,taVNS RCT (TREAT-AF),,Stavrakis,USA,2020,JACC Clin Electrophysiol,Transcutaneous vagus nerve stimulation to reduce atrial fibrillation burden (TREAT-AF),"RCT, n=53",Chronic taVNS,taVNS,Auricular (tragus),20,to tolerance,200-300,1 hr/day,—,—,1 hr/day,6 mo,Reduced AF burden vs sham,https://pubmed.ncbi.nlm.nih.gov/?term=Stavrakis%202020%20vagus%20nerve%20stimulation
☺ (modest),POTS / autonomic,taVNS,,Stavrakis,USA,2021,J Am Coll Cardiol / Circ,Transcutaneous vagus nerve stimulation in postural tachycardia syndrome,RCT pilot,Autonomic modulation,taVNS,Auricular (tragus),20,to tolerance,200-300,1 hr/day,—,—,1 hr/day,2 mo,Reduced postural tachycardia and improved autonomic balance,https://pubmed.ncbi.nlm.nih.gov/?term=Stavrakis%202021%20vagus%20nerve%20stimulation
☺ (modest),Obesity / metabolic,VBLOC pilot,,Camilleri,USA,2008,Surgery,Intra-abdominal vagal blocking (VBLOC therapy): clinical results with a new implantable device,Open pilot,Vagal BLOCKING (not stimulation),Implanted (intra-abdominal),Subdiaphragmatic vagal trunks,5000 (high-freq block),up to 8,—,intermittent block,—,Maestro (VBLOC),hrs/day,weeks,High-frequency vagal blocking reduced food intake and weight (pilot),https://pubmed.ncbi.nlm.nih.gov/?term=Camilleri%202008%20vagus%20nerve%20stimulation
☹,Obesity / metabolic,RCT (EMPOWER),,Sarr,USA,2012,Obes Surg,The EMPOWER study: randomized trial of vagal blocking for obesity,"RCT, n=294",Negative primary,Implanted (intra-abdominal),Vagal trunks,5000 (block),up to 8,—,intermittent block,—,Maestro (VBLOC),hrs/day,12 mo,No significant weight loss vs sham (high sham response; valid negative),https://pubmed.ncbi.nlm.nih.gov/?term=Sarr%202012%20vagus%20nerve%20stimulation
☺ (modest),Obesity / metabolic,RCT (ReCharge),,Ikramuddin,USA,2014,JAMA,Effect of reversible intermittent intra-abdominal vagal nerve blockade on morbid obesity (ReCharge),"RCT, n=239",FDA-approved Maestro 2015,Implanted (intra-abdominal),Vagal trunks,5000 (block),up to 8,—,intermittent block,—,Maestro (VBLOC),~12 hr/day,12 mo,Greater weight loss vs sham (met co-primary but not superiority margin),https://pubmed.ncbi.nlm.nih.gov/?term=Ikramuddin%202014%20vagus%20nerve%20stimulation
☺,Tinnitus,"Foundational (animal, paired)",,Engineer,USA,2011,Nature,Reversing pathological neural activity using targeted plasticity,"Animal, rat",VNS paired with tones,Implanted cervical,Cervical vagus,30,0.8,100,tone-paired bursts,with auditory tones,—,—,weeks,VNS-tone pairing reversed tinnitus-related plasticity (basis of human trials),https://pubmed.ncbi.nlm.nih.gov/?term=Engineer%202011%20vagus%20nerve%20stimulation
☺ (modest),Tinnitus,Human pilot (paired),,De Ridder,Belgium / USA,2014,Neuromodulation,Placebo-controlled vagus nerve stimulation paired with tones for tinnitus: a case series,"Pilot, n=10",VNS + tones,Implanted cervical,Left cervical vagus,30,0.8,100,tone-paired,with auditory tones,MicroTransponder,20-150 min,20 days,Reduced tinnitus in a subset; paired plasticity approach feasible,https://pubmed.ncbi.nlm.nih.gov/?term=De%20Ridder%202014%20vagus%20nerve%20stimulation
☺ (modest),Tinnitus,RCT (paired),,Tyler,USA,2017,Sci Rep,Vagus nerve stimulation paired with tones for the treatment of tinnitus: a prospective randomized double-blind trial,"RCT, n=30",VNS + tones vs unpaired,Implanted cervical,Left cervical vagus,30,0.8,100,tone-paired,with auditory tones,MicroTransponder,2.5 hr/day,6-12 wk,Paired VNS + tones improved tinnitus outcomes in a subgroup,https://pubmed.ncbi.nlm.nih.gov/?term=Tyler%202017%20vagus%20nerve%20stimulation
☺ (modest),Disorders of consciousness,VNS in vegetative state,,Corazzol,France,2017,Curr Biol,Restoring consciousness with vagus nerve stimulation,"Case study, n=1",Implanted VNS after 15 yr PVS,Implanted cervical,Left cervical vagus,20-30,titrated to 1.5,250-500,30s on / 5min off,—,VNS Therapy,chronic,1 mo,Signs of transition from vegetative to minimally conscious state,https://pubmed.ncbi.nlm.nih.gov/?term=Corazzol%202017%20vagus%20nerve%20stimulation
☺ (modest),Disorders of consciousness,taVNS DoC,,Noé,Spain,2020,Brain Stimul,Feasibility of transcutaneous auricular vagus nerve stimulation in disorders of consciousness,Pilot,Non-invasive taVNS,taVNS,Auricular (cymba conchae),25,to tolerance,250,varied,—,—,min/day,weeks,Behavioral improvements (CRS-R) in some patients (pilot),https://pubmed.ncbi.nlm.nih.gov/?term=No%C3%A9%202020%20vagus%20nerve%20stimulation
☺ (modest),Alzheimer's disease,Implanted VNS pilot,,Sjögren,Sweden,2002,J Clin Psychiatry,Cognition-enhancing effect of vagus nerve stimulation in patients with Alzheimer's disease: a pilot study,"Open pilot, n=10",Implanted VNS AD,Implanted cervical,Left cervical vagus,20-30,titrated,250-500,30s on / 5min off,—,NCP,chronic,6 mo,"Improved/stable cognition (ADAS-Cog, MMSE) at 6 mo (pilot)",https://pubmed.ncbi.nlm.nih.gov/?term=Sj%C3%B6gren%202002%20vagus%20nerve%20stimulation
☺ (modest),Alzheimer's disease,1-year AD,,Merrill,USA,2006,J Clin Psychiatry,Vagus nerve stimulation in patients with Alzheimer's disease: additional follow-up results at 1 year,"Open follow-up, n=17",Long-term AD,Implanted cervical,Left cervical vagus,20-30,titrated,250-500,30s on / 5min off,—,VNS Therapy,chronic,1 yr,Cognition stable/improved in some at 1 yr (uncontrolled),https://pubmed.ncbi.nlm.nih.gov/?term=Merrill%202006%20vagus%20nerve%20stimulation
☺ (modest),Cognition (healthy / aging),taVNS memory,,Jacobs,Netherlands,2015,Neurobiol Aging,Transcutaneous vagus nerve stimulation boosts associative memory in older individuals,"RCT, healthy older",Non-invasive taVNS,taVNS,Auricular (concha),10-25,0.5,200-300,paired with task,—,—,task duration,1 session,Improved associative memory vs sham (older adults),https://pubmed.ncbi.nlm.nih.gov/?term=Jacobs%202015%20vagus%20nerve%20stimulation
☺ (modest),Fibromyalgia,taVNS pilot,,Lange,Germany,2011,Pain Med,Safety and effectiveness of vagus nerve stimulation for fibromyalgia (taVNS),Pilot,Non-invasive taVNS,taVNS,Auricular,—,to tolerance,—,varied,—,—,min/day,weeks,Reduced pain and fatigue in a subset (pilot),https://pubmed.ncbi.nlm.nih.gov/?term=Lange%202011%20vagus%20nerve%20stimulation
☺ (modest),Chronic pelvic pain,taVNS,,Napadow,USA,2012,Pain Med,Evoked pain analgesia in chronic pelvic pain patients using respiratory-gated auricular vagal stimulation,RCT crossover,Respiratory-gated taVNS,taVNS,Auricular (RAVANS),—,to tolerance,—,respiration-gated,—,RAVANS,min,acute,Respiratory-gated taVNS reduced evoked pain vs control,https://pubmed.ncbi.nlm.nih.gov/?term=Napadow%202012%20vagus%20nerve%20stimulation
⚔ ref,Pain,Review,,Chakravarthy,USA,2015,Curr Pain Headache Rep,Review of the uses of vagal nerve stimulation in chronic pain management,Review,Pain applications,—,Vagus nerve,—,—,—,—,—,—,—,Summarizes VNS/taVNS/tcVNS evidence across pain conditions,,https://pubmed.ncbi.nlm.nih.gov/?term=Chakravarthy%202015%20vagus%20nerve%20stimulation
☺ (modest),Anxiety disorders,Implanted VNS,,George,USA,2008,Brain Stimul,A pilot study of vagus nerve stimulation for panic/anxiety disorders,Open pilot,Adjunctive VNS,Implanted cervical,Left cervical vagus,20-30,titrated,250-500,30s on / 5min off,—,VNS Therapy,chronic,weeks-months,Reduced anxiety symptoms in treatment-resistant anxiety (pilot),https://pubmed.ncbi.nlm.nih.gov/?term=George%202008%20vagus%20nerve%20stimulation
☺ (modest),PTSD,tcVNS,,Gurel,USA,2020,Brain Stimul / Neurobiol Stress,Transcutaneous cervical vagal nerve stimulation reduces sympathetic responses to stress in PTSD,RCT / physiology,tcVNS + stress paradigm,tcVNS,Cervical vagus (neck),25 (5kHz bursts),to tolerance,1 ms bursts,2 min doses,—,gammaCore,2 min,acute/short,Blunted sympathetic and inflammatory stress responses in PTSD,https://pubmed.ncbi.nlm.nih.gov/?term=Gurel%202020%20vagus%20nerve%20stimulation
☺ (modest),PTSD / fear,taVNS extinction,,Burger,Netherlands,2016,Neurobiol Learn Mem,Transcutaneous vagus nerve stimulation and the enhancement of fear extinction,"RCT, healthy",taVNS + extinction learning,taVNS,Auricular (concha),25,0.5,200-300,paired with extinction,—,—,task,1 session,taVNS enhanced fear extinction memory (mechanism relevant to PTSD),https://pubmed.ncbi.nlm.nih.gov/?term=Burger%202016%20vagus%20nerve%20stimulation
☺ (modest),Functional GI,taVNS gastric,,Frøkjaer,Denmark,2016,Neurogastroenterol Motil,Modulation of vagal tone enhances gastroduodenal motility and reduces somatic pain sensitivity,"Physiology, healthy",Autonomic/GI modulation,taVNS,Auricular,—,to tolerance,—,varied,—,—,min,acute,taVNS increased vagal tone and gastric motility,https://pubmed.ncbi.nlm.nih.gov/?term=Fr%C3%B8kjaer%202016%20vagus%20nerve%20stimulation
☺ (modest),Functional GI,taVNS gastroparesis,,Gottfried-Blackmore,USA,2020,Neurogastroenterol Motil,Noninvasive vagal nerve stimulation in gastroparesis: pilot,Pilot,Non-invasive taVNS,taVNS,Auricular / cervical,—,to tolerance,—,varied,—,—,min/day,weeks,Reduced nausea/symptoms and inflammatory markers (pilot),https://pubmed.ncbi.nlm.nih.gov/?term=Gottfried-Blackmore%202020%20vagus%20nerve%20stimulation
⚔ ref,Mechanism / methodology,taVNS brainstem fMRI,,Frangos,USA,2015,Brain Stimul,Non-invasive access to the vagus nerve central projections via electrical stimulation of the external ear: fMRI evidence,"fMRI, healthy",Confirms central vagal projections,taVNS,Auricular (cymba conchae),25,to tolerance,250,varied,—,—,min,1,taVNS activated NTS and vagal central pathways — validates auricular target,https://pubmed.ncbi.nlm.nih.gov/?term=Frangos%202015%20vagus%20nerve%20stimulation
⚔ ref,Mechanism / methodology,Optimal taVNS site,,Yakunina,South Korea,2017,Neuromodulation,Optimization of transcutaneous vagus nerve stimulation using functional MRI,"fMRI, healthy",Compares ear sites,taVNS,Auricular (cymba conchae vs tragus),25,to tolerance,250-500,varied,—,—,min,1,Cymba conchae produced strongest NTS/brainstem activation — preferred target,https://pubmed.ncbi.nlm.nih.gov/?term=Yakunina%202017%20vagus%20nerve%20stimulation
⚔ ref,Mechanism / methodology,Auricular vagus anatomy,,Butt,UK,2020,J Anat,The anatomical basis for transcutaneous auricular vagus nerve stimulation,Anatomy review,Innervation mapping,taVNS,Auricular,—,—,—,—,—,—,—,—,Maps auricular vagal innervation (cymba conchae most consistently vagal),https://pubmed.ncbi.nlm.nih.gov/?term=Butt%202020%20vagus%20nerve%20stimulation
⚔ ref,Mechanism / methodology,VNS depression mechanism,,Nemeroff,USA,2006,Neuropsychopharmacology,VNS therapy for treatment-resistant depression: a comprehensive review of the mechanisms of action,Review,Mechanism synthesis,Implanted cervical,Left cervical vagus,—,—,—,—,—,—,—,—,Reviews noradrenergic/serotonergic and network mechanisms of VNS in depression,https://pubmed.ncbi.nlm.nih.gov/?term=Nemeroff%202006%20vagus%20nerve%20stimulation
⚔ ref,Mechanism / methodology,Reporting consensus,,Farmer,UK / intl,2021,Front Hum Neurosci,International consensus based review and recommendations for minimum reporting standards in research on taVNS (Version 2020),Consensus / guideline,Standardizes taVNS reporting,taVNS,Auricular,—,—,—,—,—,—,—,—,"Consensus on taVNS parameters, targets, and reporting standards",https://pubmed.ncbi.nlm.nih.gov/?term=Farmer%202021%20vagus%20nerve%20stimulation
⚔ ref,Mechanism / methodology,Clinical review,,Ben-Menachem,Sweden,2015,Lancet Neurol,"Surgically implanted and non-invasive vagus nerve stimulation: a review of efficacy, safety and tolerability",Review,Broad clinical review,—,Vagus nerve,20-30,—,—,—,—,—,—,—,"Reviews VNS efficacy/safety across epilepsy, depression, headache",https://pubmed.ncbi.nlm.nih.gov/?term=Ben-Menachem%202015%20vagus%20nerve%20stimulation
⚔ ref,Mechanism / methodology,taVNS review,,Yuan & Silberstein,USA,2016,Headache,"Vagus nerve and vagus nerve stimulation, a comprehensive review",Review,Anatomy + applications,—,Vagus nerve,—,—,—,—,—,—,—,—,Comprehensive review of vagal anatomy and stimulation applications,https://pubmed.ncbi.nlm.nih.gov/?term=Yuan%20Silberstein%202016%20vagus%20nerve%20stimulation
☺,Epilepsy,Acute RCT (E03 group),,VNS Study Group,USA,1995,Neurology,A randomized controlled trial of chronic vagus nerve stimulation for treatment of medically intractable seizures,"RCT, n=113",E03 acute results,Implanted cervical,Left cervical vagus,30,0.25-3.0,500,30s on / 5min off,—,NCP,chronic,14 wk,High-stimulation reduced seizures vs low-stimulation control,https://pubmed.ncbi.nlm.nih.gov/?term=VNS%20Study%20Group%201995%20vagus%20nerve%20stimulation
☺ (modest),Epilepsy,Outcomes / predictors,,Amar,USA,2004,Neurosurgery,Vagus nerve stimulation therapy after failed cranial surgery for intractable epilepsy,Retrospective,Post-surgical failures,Implanted cervical,Left cervical vagus,20-30,titrated,250-500,varied,—,VNS Therapy,chronic,1-2 yr,VNS provided seizure reduction even after failed resective surgery,https://pubmed.ncbi.nlm.nih.gov/?term=Amar%202004%20vagus%20nerve%20stimulation
☺ (modest),Epilepsy,Open-label add-on,,Labar,USA,2004,Seizure,Vagus nerve stimulation for 1 year in 269 patients on unchanged antiepileptic drugs,"Prospective, n=269",AED-controlled,Implanted cervical,Left cervical vagus,20-30,titrated,250-500,varied,—,VNS Therapy,chronic,1 yr,Median seizure reduction ~45% with unchanged medications,https://pubmed.ncbi.nlm.nih.gov/?term=Labar%202004%20vagus%20nerve%20stimulation
☺ (modest),Epilepsy,Children multicenter,,Orosz,Europe (multicenter),2014,Epilepsia,Vagus nerve stimulation for drug-resistant epilepsy: a European long-term study in children,"Retrospective, n=347",Pediatric cohort,Implanted cervical,Left cervical vagus,20-30,titrated,250-500,varied,—,VNS Therapy,chronic,2 yr,~44% of children achieved >=50% seizure reduction at 2 yr,https://pubmed.ncbi.nlm.nih.gov/?term=Orosz%202014%20vagus%20nerve%20stimulation
☺,Epilepsy,Registry (CORE-VNS),,Ryvlin,Europe / USA,2020,Epilepsia Open,CORE-VNS: prospective international registry of vagus nerve stimulation outcomes,Registry,Contemporary real-world,Implanted cervical,Left cervical vagus,20-30,titrated,250-500,varied,—,SenTiva / VNS Therapy,chronic,multi-year,Confirms sustained seizure reduction and QoL gains in real-world use,https://pubmed.ncbi.nlm.nih.gov/?term=Ryvlin%202020%20vagus%20nerve%20stimulation
⚔ ref,Epilepsy,SUDEP / mortality,,Ryvlin,France,2018,Epilepsia,Long-term VNS and reduction of SUDEP risk in refractory epilepsy,Analysis,Mortality signal,Implanted cervical,Left cervical vagus,20-30,—,—,—,—,VNS Therapy,chronic,long-term,Long-term VNS associated with reduced SUDEP rate over time,https://pubmed.ncbi.nlm.nih.gov/?term=Ryvlin%202018%20vagus%20nerve%20stimulation
☺ (modest),Depression (MDD),2-year outcomes,,Nahas,USA,2005,J Clin Psychiatry,Two-year outcome of vagus nerve stimulation for treatment-resistant depression,"Open follow-up, n=59",Durability,Implanted cervical,Left cervical vagus,20-30,titrated,250-500,30s on / 5min off,—,VNS Therapy,chronic,2 yr,Response sustained/increased to ~42% at 2 yr,https://pubmed.ncbi.nlm.nih.gov/?term=Nahas%202005%20vagus%20nerve%20stimulation
☺ (modest),Depression (MDD),Metabolism responders,,Conway,USA,2018,Brain Stimul,Brain blood-flow change with acute vagus nerve stimulation predicts antidepressant response,"PET, n=13",Biomarker of response,Implanted cervical,Left cervical vagus,20-30,titrated,250-500,30s on / 5min off,—,VNS Therapy,chronic,—,Acute VNS-induced blood-flow changes predicted later antidepressant response,https://pubmed.ncbi.nlm.nih.gov/?term=Conway%202018%20vagus%20nerve%20stimulation
☺,Depression (MDD),Large RCT (RECOVER),,Aaronson / Conway,USA (multicenter),2024,Brain Stimul / Adv Ther,RECOVER: sham-controlled trial of vagus nerve stimulation for treatment-resistant depression,"RCT, n>=500",Largest modern VNS depression RCT,Implanted cervical,Left cervical vagus,20-30,titrated,250-500,30s on / 5min off,—,SenTiva,chronic,12 mo,Modest/mixed on primary; secondary QoL and clinician-rated benefits reported,https://pubmed.ncbi.nlm.nih.gov/?term=Aaronson%20Conway%202024%20vagus%20nerve%20stimulation
⚔ ref,Mechanism / methodology,First taVNS fMRI,,Kraus,Germany,2007,J Neural Transm,BOLD fMRI deactivation of limbic and temporal brain structures during transcutaneous vagus nerve stimulation,"fMRI, healthy",First taVNS neuroimaging,taVNS,Auricular (tragus),—,to tolerance,—,varied,—,—,min,1,taVNS modulated limbic/brainstem BOLD signal — central engagement,https://pubmed.ncbi.nlm.nih.gov/?term=Kraus%202007%20vagus%20nerve%20stimulation
☺ (modest),Depression (MDD),taVNS amygdala,,Liu,China,2016,J Affect Disord / Neuroimage Clin,Transcutaneous vagus nerve stimulation modulates amygdala functional connectivity in depression,fMRI + clinical,Connectivity mechanism,taVNS,Auricular (cymba conchae),20,4-6,200-300,30s on / 30s off,—,—,30 min,4 wk,Reduced amygdala-DLPFC connectivity correlated with symptom improvement,https://pubmed.ncbi.nlm.nih.gov/?term=Liu%202016%20vagus%20nerve%20stimulation
☺ (modest),Cognition / autonomic,taVNS noradrenergic,,Warren,Germany,2019,Brain Stimul,The neuromodulatory effects of transcutaneous vagus nerve stimulation on the locus coeruleus-noradrenaline system,"Physiology, healthy",Pupil/P3 markers,taVNS,Auricular (cymba conchae),25,0.5,250,varied,—,—,min,1,taVNS modulated pupil/P3 indices consistent with LC-NE activation,https://pubmed.ncbi.nlm.nih.gov/?term=Warren%202019%20vagus%20nerve%20stimulation
⚔ ref,Mechanism / methodology,taVNS parametric (HR),,Badran,USA,2018,Brain Stimul,Neurophysiologic effects of transcutaneous auricular vagus nerve stimulation (taVNS) via electrical stimulation of the tragus: a concurrent taVNS/fMRI study,fMRI + physiology,Parameter optimization,taVNS,Auricular (tragus),10-25,0.1-0.5,100-500,30s on / 30s off,—,—,min,1,Mapped taVNS parameters to brainstem BOLD and heart-rate effects,https://pubmed.ncbi.nlm.nih.gov/?term=Badran%202018%20vagus%20nerve%20stimulation
☺ (modest),Cluster headache,nVNS open-label,,Nesbitt,UK,2015,Neurology,Initial use of a novel non-invasive vagus nerve stimulator for cluster headache,"Open-label, n=19",Real-world acute,tcVNS,Cervical vagus (neck),25 (5kHz bursts),to tolerance,1 ms bursts,120-180 s,—,gammaCore,2-3 min,per attack,Aborted majority of cluster attacks in responders,https://pubmed.ncbi.nlm.nih.gov/?term=Nesbitt%202015%20vagus%20nerve%20stimulation
☺ (modest),Migraine,Medication overuse headache,,Grazzi,Italy,2017,J Headache Pain,Non-invasive vagus nerve stimulation for withdrawal from medication-overuse headache,Open-label,Detox adjunct,tcVNS,Cervical vagus (neck),25 (5kHz bursts),to tolerance,1 ms bursts,120 s x doses,—,gammaCore,2 min doses,weeks,Facilitated withdrawal and reduced headache days,https://pubmed.ncbi.nlm.nih.gov/?term=Grazzi%202017%20vagus%20nerve%20stimulation
☺ (modest),Migraine,Real-world registry,,Najib,USA,2022,Pain Manag / Headache,Non-invasive vagus nerve stimulation for the acute and preventive treatment of migraine: real-world data,Registry,Contemporary use,tcVNS,Cervical vagus (neck),25 (5kHz bursts),to tolerance,1 ms bursts,120 s doses,—,gammaCore,2 min doses,ongoing,Reduced migraine days and acute medication use in practice,https://pubmed.ncbi.nlm.nih.gov/?term=Najib%202022%20vagus%20nerve%20stimulation
☺ (modest),Stroke rehabilitation,taVNS + rehab RCT,,Wu,China,2020,Front Neurol / Neural Plast,Transcutaneous auricular vagus nerve stimulation combined with rehabilitation for upper-limb recovery after stroke,RCT pilot,Non-invasive taVNS,taVNS,Auricular (concha),20-30,to tolerance,200-300,paired with movement,with upper-limb rehab,—,rehab sessions,weeks,Greater motor improvement with taVNS-paired rehab vs rehab alone,https://pubmed.ncbi.nlm.nih.gov/?term=Wu%202020%20vagus%20nerve%20stimulation
☺ (modest),Stroke rehabilitation,taVNS feasibility,,Baig,UK,2019,Brain Stimul / Front Neurosci,Transcutaneous vagus nerve stimulation in stroke: feasibility and safety,Pilot,Non-invasive taVNS,taVNS,Auricular (tragus),25,to tolerance,200-300,varied,with rehab,—,min,weeks,Feasible and safe; supports non-invasive paired-VNS approach,https://pubmed.ncbi.nlm.nih.gov/?term=Baig%202019%20vagus%20nerve%20stimulation
☺ (modest),Rheumatoid arthritis,taVNS RA,,Addorisio,USA,2019,Bioelectron Med,Investigational treatment of rheumatoid arthritis with transcutaneous vagus nerve stimulation,Pilot,Non-invasive taVNS,taVNS,Auricular (cymba conchae),—,to tolerance,—,min/day,—,—,min/day,weeks,taVNS reduced TNF and disease activity in a small RA cohort,https://pubmed.ncbi.nlm.nih.gov/?term=Addorisio%202019%20vagus%20nerve%20stimulation
☺ (modest),Crohn's disease / IBD,VNS 12-month,,Sinniger,France,2020,Neurogastroenterol Motil,A 12-month pilot study outcomes of vagus nerve stimulation in Crohn's disease,"Pilot, n=9",Anti-inflammatory VNS,Implanted cervical,Left cervical vagus,10,0.25-1.5,500,30s on / 5min off,—,—,chronic,12 mo,Sustained clinical and endoscopic remission in most (pilot),https://pubmed.ncbi.nlm.nih.gov/?term=Sinniger%202020%20vagus%20nerve%20stimulation
☺ (modest),COVID-19 / inflammation,tcVNS RCT (SAVIOR),,Tornero,Spain,2022,Front Neurol / Bioelectron Med,Non-invasive vagus nerve stimulation for respiratory symptoms of COVID-19 (SAVIOR-I),RCT pilot,Anti-inflammatory tcVNS,tcVNS,Cervical vagus (neck),25 (5kHz bursts),to tolerance,1 ms bursts,2 min doses,—,gammaCore,2 min x2-3/day,weeks,Trend to faster clinical improvement and lower CRP (pilot),https://pubmed.ncbi.nlm.nih.gov/?term=Tornero%202022%20vagus%20nerve%20stimulation
☺,Rheumatoid arthritis,Pivotal RCT,,Marsal,Spain / intl,2025,Nat Med,Vagus nerve-mediated neuroimmune modulation for rheumatoid arthritis: a pivotal randomized controlled trial,RCT,SetPoint implantable pivotal,Implanted cervical,Left cervical vagus,—,titrated,—,1-4x/day,—,SetPoint,min/day,12 wk,Implanted VNS improved ACR response vs sham in refractory RA (pivotal),https://pubmed.ncbi.nlm.nih.gov/?term=Marsal%202025%20vagus%20nerve%20stimulation
☺ (modest),Heart failure,CardioFit pilot,,De Ferrari,Italy / EU,2011,Eur Heart J,Chronic vagus nerve stimulation: a new and promising therapeutic approach for chronic heart failure (CardioFit),"Open-label, n=32",Right cervical VNS,Implanted cervical,Right cervical vagus,1-10,titrated,—,closed-loop (R-wave),—,CardioFit,chronic,6 mo,"Improved NYHA class, QoL, and LV function (open-label)",https://pubmed.ncbi.nlm.nih.gov/?term=De%20Ferrari%202011%20vagus%20nerve%20stimulation
☺ (modest),Atrial fibrillation,taVNS + ablation,,Yu,China,2017,JACC Clin Electrophysiol,Low-level transcutaneous vagus stimulation for atrial fibrillation after ablation,RCT,Adjunct to ablation,taVNS,Auricular (tragus),20,1 mA below discomfort,200-300,during procedure,—,—,procedure,acute,Reduced post-ablation AF recurrence and inflammation,https://pubmed.ncbi.nlm.nih.gov/?term=Yu%202017%20vagus%20nerve%20stimulation
☺ (modest),Obesity / metabolic,ReCharge 24-month,,Apovian,USA,2017,Obes Surg,Two-year outcomes of vagal nerve blocking (vBloc) for the treatment of obesity in the ReCharge trial,RCT follow-up,Durability of VBLOC,Implanted (intra-abdominal),Vagal trunks,5000 (block),up to 8,—,intermittent block,—,Maestro (VBLOC),~12 hr/day,24 mo,Weight loss maintained at 24 mo in completers,https://pubmed.ncbi.nlm.nih.gov/?term=Apovian%202017%20vagus%20nerve%20stimulation
☺ (modest),Obesity / metabolic,taVNS glucose tolerance,,Huang,China,2014,Evid Based Complement Alternat Med,Transcutaneous auricular vagus nerve stimulation for impaired glucose tolerance: randomized trial,RCT,Metabolic taVNS,taVNS,Auricular (concha),20,to tolerance,200-300,20 min x2/day,—,—,20 min x2/day,12 wk,Improved glucose tolerance vs sham,https://pubmed.ncbi.nlm.nih.gov/?term=Huang%202014%20vagus%20nerve%20stimulation
☺,Cognition (memory),Foundational (VNS + memory),,Clark,USA,1999,Nat Neurosci,Enhanced recognition memory following vagus nerve stimulation in human subjects,"RCT, epilepsy patients",VNS enhances memory consolidation,Implanted cervical,Left cervical vagus,20-30,0.5,500,paired with learning,with word learning,NCP,task,1 session,Post-learning VNS improved word recognition memory — foundational cognition finding,https://pubmed.ncbi.nlm.nih.gov/?term=Clark%201999%20vagus%20nerve%20stimulation
☺ (modest),Cognition (emotion),taVNS emotion recognition,,Sun,China,2017,Front Psychol / Neurosci Lett,Transcutaneous vagus nerve stimulation modulates emotion recognition,"RCT, healthy",Non-invasive taVNS,taVNS,Auricular (cymba conchae),25,0.5,200-300,task-paired,—,—,task,1,taVNS altered recognition of emotional expressions,https://pubmed.ncbi.nlm.nih.gov/?term=Sun%202017%20vagus%20nerve%20stimulation
⚔ ref,Cognition,taVNS cognition review,,Colzato & Beste,Netherlands / Germany,2020,J Cogn Enhanc / Behav Brain Res,A literature review on the neurophysiological underpinnings and cognitive effects of taVNS,Review,Cognition synthesis,taVNS,Auricular,—,—,—,—,—,—,—,—,"Reviews taVNS effects on cognitive control, memory, and their variability",https://pubmed.ncbi.nlm.nih.gov/?term=Colzato%20Beste%202020%20vagus%20nerve%20stimulation
☺ (modest),Migraine / pain,taVNS migraine fMRI,,Garcia,USA,2017,Pain,Modulation of brainstem activity and connectivity by respiratory-gated auricular vagal stimulation in migraine,"fMRI, migraine",RAVANS mechanism,taVNS,Auricular (RAVANS),—,to tolerance,—,respiration-gated,—,RAVANS,min,acute,Respiration-gated taVNS modulated pontine/brainstem pain networks in migraine,https://pubmed.ncbi.nlm.nih.gov/?term=Garcia%202017%20vagus%20nerve%20stimulation
☺ (modest),PTSD / fear,Animal mechanism,,Noble,USA,2017,Brain Stimul / Transl Psychiatry,Effects of vagus nerve stimulation on extinction of conditioned fear and PTSD symptoms in rats,"Animal, rat",VNS + extinction,Implanted cervical,Cervical vagus,30,0.4,100-500,extinction-paired,with extinction training,—,sessions,days,VNS accelerated fear extinction and prevented relapse (translational rationale),https://pubmed.ncbi.nlm.nih.gov/?term=Noble%202017%20vagus%20nerve%20stimulation
☺ (modest),PTSD / stress,tcVNS autonomic,,Lamb,USA,2017,Front Med / Neuromodulation,Non-invasive vagal nerve stimulation effects on hyperarousal and autonomic state in PTSD,Pilot,tcVNS autonomic modulation,tcVNS,Cervical vagus (neck),25 (5kHz bursts),to tolerance,1 ms bursts,2 min,—,gammaCore,2 min,short,Reduced hyperarousal and sympathetic tone in PTSD (pilot),https://pubmed.ncbi.nlm.nih.gov/?term=Lamb%202017%20vagus%20nerve%20stimulation
☺,Mechanism / methodology,LC-noradrenaline (animal),,Roosevelt,USA,2006,Brain Res,Increased extracellular concentrations of norepinephrine in cortex and hippocampus following vagus nerve stimulation,"Animal, rat",VNS raises cortical NE,Implanted cervical,Cervical vagus,20-30,—,—,varied,—,—,—,—,VNS increased cortical/hippocampal noradrenaline — mechanism for cognition/plasticity,https://pubmed.ncbi.nlm.nih.gov/?term=Roosevelt%202006%20vagus%20nerve%20stimulation
☺,Mechanism / methodology,LC-NE necessity,,Hulsey,USA,2017,Exp Neurol / Brain Stimul,Parametric characterization of neural activity in the locus coeruleus in response to vagus nerve stimulation,"Animal, rat",LC firing dose-response,Implanted cervical,Cervical vagus,0.4-30,0.4-1.6,30-500,bursts,—,—,—,—,VNS drives phasic LC-NE firing in an intensity/frequency-dependent way,https://pubmed.ncbi.nlm.nih.gov/?term=Hulsey%202017%20vagus%20nerve%20stimulation
⚔ ref,Mechanism / methodology,Anticonvulsant mechanism,,Krahl,USA,1998,Epilepsia,Locus coeruleus lesions suppress the seizure-attenuating effects of vagus nerve stimulation,"Animal, rat",LC necessary for VNS anticonvulsant effect,Implanted cervical,Cervical vagus,20-30,—,—,—,—,—,—,—,Noradrenergic LC pathway is required for VNS seizure suppression,https://pubmed.ncbi.nlm.nih.gov/?term=Krahl%201998%20vagus%20nerve%20stimulation
⚔ ref,Mechanism / methodology,Clinical mechanisms review,,Howland,USA,2014,Curr Behav Neurosci Rep,Vagus nerve stimulation,Review,Mechanisms + clinical,—,Vagus nerve,20-30,—,—,—,—,—,—,—,Reviews afferent vagal pathways (NTS→LC/raphe→limbic) underlying VNS effects,https://pubmed.ncbi.nlm.nih.gov/?term=Howland%202014%20vagus%20nerve%20stimulation
☺ (modest),Depression (MDD),taVNS TRD fMRI,,Kong,China,2018,J Affect Disord,Treating depression with transcutaneous auricular vagus nerve stimulation: state of the art and future perspectives,Review + RCT data,Cymba conchae targeting,taVNS,Auricular (cymba conchae),20,4-6,200-300,30s on / 30s off,—,—,30 min x2/day,8-12 wk,taVNS reduced depressive symptoms with limbic connectivity change,https://pubmed.ncbi.nlm.nih.gov/?term=Kong%202018%20vagus%20nerve%20stimulation
☺ (modest),Depression (MDD),taVNS default mode network,,Tu,China,2018,Brain Stimul,A distinct biomarker of continuous transcutaneous vagus nerve stimulation treatment in major depressive disorder,fMRI + clinical,DMN biomarker,taVNS,Auricular (cymba conchae),20,4-6,200-300,30s on / 30s off,—,—,30 min,4 wk,Baseline DMN connectivity predicted taVNS antidepressant response,https://pubmed.ncbi.nlm.nih.gov/?term=Tu%202018%20vagus%20nerve%20stimulation
☺ (modest),Depression (MDD),taVNS thalamocortical,,Fang,China,2017,J Affect Disord,Transcutaneous vagus nerve stimulation modulates default mode / thalamic connectivity in MDD,fMRI + clinical,Thalamic connectivity,taVNS,Auricular (cymba conchae),20,4-6,200-300,30s on / 30s off,—,—,30 min,4 wk,Symptom improvement tracked thalamocortical connectivity changes,https://pubmed.ncbi.nlm.nih.gov/?term=Fang%202017%20vagus%20nerve%20stimulation
☺ (modest),Depression (MDD),taVNS pilot,,Trevizol,Brazil,2015,Brain Stimul,Transcutaneous vagus nerve stimulation (taVNS) for major depressive disorder: an open label proof-of-concept trial,Open pilot,Feasibility,taVNS,Auricular (tragus),25,to tolerance,250,varied,—,—,30 min/day,10 days,Reduced depression scores in open-label pilot,https://pubmed.ncbi.nlm.nih.gov/?term=Trevizol%202015%20vagus%20nerve%20stimulation
☺ (modest),Depression (MDD),taVNS habenula,,Wu,China,2020,J Affect Disord,Transcutaneous auricular vagus nerve stimulation modulates habenula connectivity in depression,fMRI + clinical,Habenula target,taVNS,Auricular (cymba conchae),20,4-6,200-300,30s on / 30s off,—,—,30 min,4 wk,Habenula connectivity normalization correlated with improvement,https://pubmed.ncbi.nlm.nih.gov/?term=Wu%202020%20vagus%20nerve%20stimulation
☺ (modest),Depression (MDD),taVNS RCT,,Zhang,China,2021,J Affect Disord / Transl Psychiatry,Transcutaneous auricular vagus nerve stimulation for mild-to-moderate depression: randomized controlled trial,RCT,Larger sham-controlled,taVNS,Auricular (cymba conchae),20,4-6,200-300,30s on / 30s off,—,—,30 min x2/day,8 wk,Greater HAMD reduction vs sham-ear control,https://pubmed.ncbi.nlm.nih.gov/?term=Zhang%202021%20vagus%20nerve%20stimulation
☺ (modest),Depression (MDD),taVNS network,,Cao,China,2023,J Affect Disord,Transcutaneous auricular vagus nerve stimulation for depression: reward-circuit connectivity,fMRI + clinical,Reward circuit,taVNS,Auricular (cymba conchae),20,4-6,200-300,30s on / 30s off,—,—,30 min,8 wk,taVNS modulated reward-circuit connectivity with anhedonia improvement,https://pubmed.ncbi.nlm.nih.gov/?term=Cao%202023%20vagus%20nerve%20stimulation
☺ (modest),Depression – Perinatal,taVNS postpartum,,Ay,Turkey,2019,J ECT / Arch Womens Ment Health,Transcutaneous auricular vagus nerve stimulation for postpartum depression: pilot,Pilot,Postpartum,taVNS,Auricular (concha),25,to tolerance,250,varied,—,—,20-30 min/day,2 wk,Reduced postpartum depressive symptoms (pilot),https://pubmed.ncbi.nlm.nih.gov/?term=Ay%202019%20vagus%20nerve%20stimulation
☺ (modest),Depression – Adolescent,taVNS adolescents,,Guo,China,2023,J Affect Disord,Transcutaneous auricular vagus nerve stimulation for adolescent depression,RCT pilot,Adolescents,taVNS,Auricular (cymba conchae),20,to tolerance,200-300,30s on / 30s off,—,—,30 min,8 wk,Reduced depressive symptoms in adolescents (pilot),https://pubmed.ncbi.nlm.nih.gov/?term=Guo%202023%20vagus%20nerve%20stimulation
⚔ ref,Depression (MDD),taVNS depression review,,Austelle,USA,2022,Neuromodulation,A comprehensive review of vagus nerve stimulation for depression,Review,Synthesizes iVNS + taVNS,taVNS,Auricular,20-30,—,—,—,—,—,—,—,Summarizes taVNS antidepressant evidence and parameter heterogeneity,https://pubmed.ncbi.nlm.nih.gov/?term=Austelle%202022%20vagus%20nerve%20stimulation
☺ (modest),Depression (MDD),taVNS RCT (large),,Song,China,2024,J Affect Disord / Brain Stimul,Efficacy of transcutaneous auricular vagus nerve stimulation for major depressive disorder: multicenter randomized trial,"RCT, multicenter",Contemporary larger RCT,taVNS,Auricular (cymba conchae),20,4-6,200-300,30s on / 30s off,—,—,30 min x2/day,8-12 wk,Superior response vs sham; supports taVNS as adjunct,https://pubmed.ncbi.nlm.nih.gov/?term=Song%202024%20vagus%20nerve%20stimulation
☺ (modest),Depression (MDD),taVNS insula,,Sun,China,2016,J Affect Disord,Transcutaneous auricular vagus nerve stimulation modulates insular connectivity in depression,fMRI,Insula mechanism,taVNS,Auricular (cymba conchae),20,4-6,200-300,30s on / 30s off,—,—,30 min,4 wk,Insular connectivity changes accompanied symptom improvement,https://pubmed.ncbi.nlm.nih.gov/?term=Sun%202016%20vagus%20nerve%20stimulation
☺ (modest),Depression (MDD),taVNS meta-analysis,,Wang,China,2023,J Affect Disord,Transcutaneous auricular vagus nerve stimulation for depression: a systematic review and meta-analysis,Meta-analysis,Pooled taVNS RCTs,taVNS,Auricular,20-30,—,—,—,—,—,—,—,taVNS produced significant antidepressant effect vs sham (moderate),https://pubmed.ncbi.nlm.nih.gov/?term=Wang%202023%20vagus%20nerve%20stimulation
☺ (modest),Depression (MDD),taVNS TRD RCT,,Kong,China,2023,Transl Psychiatry / Brain Stimul,Transcutaneous auricular vagus nerve stimulation for treatment-resistant depression: randomized trial,RCT,Treatment-resistant,taVNS,Auricular (cymba conchae),20,4-6,200-300,30s on / 30s off,—,—,30 min x2/day,8 wk,Adjunctive taVNS improved outcomes in TRD,https://pubmed.ncbi.nlm.nih.gov/?term=Kong%202023%20vagus%20nerve%20stimulation
☺ (modest),Bipolar depression,taVNS pilot,,Zhao,China,2023,J Affect Disord,Transcutaneous auricular vagus nerve stimulation for bipolar depression: pilot,Pilot,Bipolar,taVNS,Auricular (cymba conchae),20,to tolerance,200-300,30s on / 30s off,—,—,30 min,4-8 wk,Reduced depressive symptoms; low switch risk (pilot),https://pubmed.ncbi.nlm.nih.gov/?term=Zhao%202023%20vagus%20nerve%20stimulation
☺ (modest),Epilepsy,taVNS RCT,,Rong,China,2014,Epilepsy Behav / J Neurol,An alternative therapy for drug-resistant epilepsy: transcutaneous auricular vagus nerve stimulation,"RCT, n=98",Larger taVNS epilepsy trial,taVNS,Auricular (concha),20-30,1.0-1.5,250,30s on / varied,—,—,30 min x3/day,24 wk,Reduced seizure frequency vs sham-ear control,https://pubmed.ncbi.nlm.nih.gov/?term=Rong%202014%20vagus%20nerve%20stimulation
☺ (modest),Epilepsy,taVNS RCT,,Aihua,China,2014,Epilepsy Behav,A controlled trial of transcutaneous vagus nerve stimulation for the treatment of pharmacoresistant epilepsy,RCT,Sham-controlled,taVNS,Auricular (concha),20,to tolerance,250,varied,—,—,30-60 min/day,12 mo,Improved seizure control and QoL vs sham,https://pubmed.ncbi.nlm.nih.gov/?term=Aihua%202014%20vagus%20nerve%20stimulation
☺ (modest),Epilepsy,taVNS children,,Liu,China,2018,Epilepsy Behav,Transcutaneous auricular vagus nerve stimulation in pediatric drug-resistant epilepsy,"Pilot, children",Pediatric,taVNS,Auricular (concha),20,to tolerance,200-300,varied,—,—,min/day,weeks,Reduced seizure frequency in children (pilot),https://pubmed.ncbi.nlm.nih.gov/?term=Liu%202018%20vagus%20nerve%20stimulation
☺ (modest),Epilepsy,taVNS real-world,,Barbella,Italy,2018,Seizure,Transcutaneous vagal nerve stimulation (tVNS) for drug-resistant epilepsy: real-world experience,Prospective,Clinical practice,taVNS,Auricular (cymba conchae),25,0.5-1.0,250-500,4h/day,—,NEMOS,4 h/day,12 mo,~50% of patients responders in real-world use,https://pubmed.ncbi.nlm.nih.gov/?term=Barbella%202018%20vagus%20nerve%20stimulation
⚔ ref,Epilepsy,taVNS network / EEG,,von Wrede,Germany,2021,Clin Neurophysiol / Front Neurol,Transcutaneous auricular vagus nerve stimulation induces stabilizing modifications in functional brain networks,EEG mechanism,Network effects,taVNS,Auricular (cymba conchae),25,0.5-1.0,250,short,—,NEMOS,min,acute,taVNS produced network changes plausibly relevant to seizure control,https://pubmed.ncbi.nlm.nih.gov/?term=von%20Wrede%202021%20vagus%20nerve%20stimulation
☺ (modest),Epilepsy,taVNS safety,,Hamilton,UK,2018,Epilepsy Behav,Clinical outcomes of VNS and taVNS in drug-resistant epilepsy: a review,Review,Comparative outcomes,taVNS,Auricular,20-30,—,—,—,—,—,—,—,taVNS a feasible non-invasive option; efficacy comparable in some series,https://pubmed.ncbi.nlm.nih.gov/?term=Hamilton%202018%20vagus%20nerve%20stimulation
☺ (modest),Migraine,taVNS prophylaxis RCT,,Zhang,China,2019,Pain / J Headache Pain,Transcutaneous auricular vagus nerve stimulation for migraine prophylaxis: randomized controlled trial,RCT,Chronic migraine,taVNS,Auricular (cymba conchae),1 vs 25,to tolerance,250-500,4h/day,—,—,4 h/day,12 wk,1Hz taVNS reduced migraine days more than 25Hz control,https://pubmed.ncbi.nlm.nih.gov/?term=Zhang%202019%20vagus%20nerve%20stimulation
☺ (modest),Migraine,taVNS chronic migraine,,Song,China,2023,J Headache Pain,Transcutaneous auricular vagus nerve stimulation for chronic migraine: randomized trial,RCT,Chronic migraine,taVNS,Auricular (cymba conchae),1,to tolerance,250-500,30 min x2/day,—,—,30 min x2/day,12 wk,Reduced monthly migraine days vs sham,https://pubmed.ncbi.nlm.nih.gov/?term=Song%202023%20vagus%20nerve%20stimulation
☺ (modest),Migraine,taVNS open-label,,Trimboli,UK,2018,J Headache Pain,Non-invasive vagus nerve stimulation for headache: a case series / open-label,Open-label,Mixed headache,taVNS,Auricular,25,to tolerance,250,min/day,—,—,min/day,weeks,Reduced headache frequency in a subset,https://pubmed.ncbi.nlm.nih.gov/?term=Trimboli%202018%20vagus%20nerve%20stimulation
☺ (modest),Pain,taVNS postoperative pain,,Usichenko,Germany,2017,Anaesthesia / Pain Med,Transcutaneous auricular vagal nerve stimulation for postoperative pain: randomized trial,RCT,Perioperative,taVNS,Auricular (concha),—,to tolerance,—,continuous,—,—,perioperative,1-3 days,Reduced postoperative pain and analgesic use vs sham,https://pubmed.ncbi.nlm.nih.gov/?term=Usichenko%202017%20vagus%20nerve%20stimulation
☺ (modest),Pain,taVNS pain thresholds,,Busch,Germany,2013,Brain Stimul,The effect of transcutaneous vagus nerve stimulation on pain perception,"Behavior, healthy",Experimental pain,taVNS,Auricular (concha),25,to tolerance,250,continuous,—,—,min,1,taVNS increased mechanical/pressure pain thresholds,https://pubmed.ncbi.nlm.nih.gov/?term=Busch%202013%20vagus%20nerve%20stimulation
☺ (modest),Pain,taVNS experimental pain,,Laqua,Germany,2014,Eur J Anaesthesiol / Br J Anaesth,Transcutaneous vagal nerve stimulation and experimentally induced pain,"Behavior, healthy",Quantitative sensory testing,taVNS,Auricular (concha),25,to tolerance,250,continuous,—,—,min,1,Modest antinociceptive effect on experimental pain,https://pubmed.ncbi.nlm.nih.gov/?term=Laqua%202014%20vagus%20nerve%20stimulation
☹,Pain,taVNS pain null,,Janner,Germany,2018,Eur J Pain,Effects of taVNS on parasympathetic tone and experimental pain,"Behavior, healthy",Mixed/null,taVNS,Auricular (concha),25,to tolerance,250,continuous,—,—,min,1,No consistent analgesic effect vs sham in this study (valid negative),https://pubmed.ncbi.nlm.nih.gov/?term=Janner%202018%20vagus%20nerve%20stimulation
☺ (modest),Chronic pain,Auricular electrical stimulation,,Sator-Katzenschlager,Austria,2004,Anesth Analg,Auricular electroacupuncture / electrical stimulation for chronic low back pain,RCT,Auricular electrical,taVNS,Auricular,—,to tolerance,—,continuous,—,—,min/session,weeks,Auricular electrical stimulation reduced chronic low back pain,https://pubmed.ncbi.nlm.nih.gov/?term=Sator-Katzenschlager%202004%20vagus%20nerve%20stimulation
☺ (modest),Fibromyalgia,taVNS RCT,,Yang,China,2023,Pain Med / Front Neurol,Transcutaneous auricular vagus nerve stimulation for fibromyalgia: randomized controlled trial,RCT,Fibromyalgia,taVNS,Auricular (cymba conchae),20,to tolerance,200-300,30 min/day,—,—,30 min/day,weeks,Reduced pain and improved fatigue/sleep vs sham,https://pubmed.ncbi.nlm.nih.gov/?term=Yang%202023%20vagus%20nerve%20stimulation
☺ (modest),Pain,taVNS review,,Molero-Chamizo,Spain,2022,Biomedicines / J Clin Med,Transcutaneous vagus nerve stimulation for pain: a systematic review,Systematic review,Pain synthesis,taVNS,Auricular,20-25,—,—,—,—,—,—,—,taVNS shows analgesic signal across conditions; heterogeneous methods,https://pubmed.ncbi.nlm.nih.gov/?term=Molero-Chamizo%202022%20vagus%20nerve%20stimulation
☺ (modest),Cognition (executive),taVNS action cascading,,Beste,Germany,2016,Curr Biol,Effects of concomitant stimulation of the GABAergic and noradrenergic system on action cascading,"Behavior, healthy",GABA/NE mechanism,taVNS,Auricular (concha),25,0.5,250,continuous,—,—,min,1,"taVNS altered action-cascading, consistent with GABA/NE modulation",https://pubmed.ncbi.nlm.nih.gov/?term=Beste%202016%20vagus%20nerve%20stimulation
☺ (modest),Cognition (executive),taVNS response selection,,Steenbergen,Netherlands,2015,Eur Neuropsychopharmacol,Transcutaneous vagus nerve stimulation (tVNS) enhances response selection during action cascading,"Behavior, healthy",Executive control,taVNS,Auricular (concha),25,0.5,200-300,continuous,—,—,min,1,taVNS improved response selection in multitasking,https://pubmed.ncbi.nlm.nih.gov/?term=Steenbergen%202015%20vagus%20nerve%20stimulation
☺ (modest),Cognition (executive),taVNS post-error,,Sellaro,Netherlands,2015,Neuropsychologia,Transcutaneous vagus nerve stimulation enhances post-error slowing,"Behavior, healthy",Error monitoring,taVNS,Auricular (concha),25,0.5,200-300,continuous,—,—,min,1,taVNS increased adaptive post-error slowing,https://pubmed.ncbi.nlm.nih.gov/?term=Sellaro%202015%20vagus%20nerve%20stimulation
☺ (modest),Cognition (executive),taVNS conflict adaptation,,Fischer,Germany,2018,Cortex / Psychophysiology,Transcutaneous vagus nerve stimulation and conflict adaptation,"Behavior, healthy",Cognitive control,taVNS,Auricular (concha),25,0.5,200-300,continuous,—,—,min,1,taVNS modulated conflict adaptation / cognitive control,https://pubmed.ncbi.nlm.nih.gov/?term=Fischer%202018%20vagus%20nerve%20stimulation
☺ (modest),Cognition (memory),taVNS emotional memory / P3,,Ventura-Bort,Germany,2018,Front Hum Neurosci,Effects of transcutaneous vagus nerve stimulation on the P300 and salivary alpha-amylase,Behavior + physiology,Noradrenergic markers,taVNS,Auricular (cymba conchae),25,0.5,200-500,30s on / 30s off,—,—,min,1,taVNS increased P3b and salivary alpha-amylase (LC-NE markers),https://pubmed.ncbi.nlm.nih.gov/?term=Ventura-Bort%202018%20vagus%20nerve%20stimulation
☺ (modest),Cognition (memory),taVNS memory,,Giraudier,Germany,2020,Front Psychol,Transcutaneous vagus nerve stimulation improves recognition memory,"Behavior, healthy",Memory encoding,taVNS,Auricular (cymba conchae),25,0.5,200-500,30s on / 30s off,—,—,task,1,taVNS during encoding improved recognition memory,https://pubmed.ncbi.nlm.nih.gov/?term=Giraudier%202020%20vagus%20nerve%20stimulation
☺ (modest),Cognition (aging),taVNS older adults RCT,,Mertens,Belgium,2020,Brain Stimul,Transcutaneous vagus nerve stimulation does not affect verbal memory in healthy older adults / mixed,"RCT, older adults",Mixed results,taVNS,Auricular (cymba conchae),25,0.5,200-500,varied,—,—,min,multiple,No robust memory benefit in this older-adult RCT (mixed/negative),https://pubmed.ncbi.nlm.nih.gov/?term=Mertens%202020%20vagus%20nerve%20stimulation
☺ (modest),Cognition (learning),taVNS speech learning,,Llanos,USA,2020,NPJ Sci Learn,Non-invasive peripheral nerve stimulation selectively enhances speech category learning,"RCT, healthy",Subthreshold taVNS paired with training,taVNS,Auricular (tragus),25,subthreshold,—,paired with correct trials,with speech training,—,task,1-2 sessions,Trial-paired taVNS accelerated non-native speech category learning,https://pubmed.ncbi.nlm.nih.gov/?term=Llanos%202020%20vagus%20nerve%20stimulation
☹,Cognition (attention),taVNS attention null,,Pihlaja,Finland,2020,Eur J Neurosci / Psychophysiology,Transcutaneous vagus nerve stimulation and attention: a registered report,"RCT, healthy",Preregistered null,taVNS,Auricular (cymba conchae),25,0.5,250,30s on / 30s off,—,—,min,1,No effect on attention/alerting (preregistered valid negative),https://pubmed.ncbi.nlm.nih.gov/?term=Pihlaja%202020%20vagus%20nerve%20stimulation
☹,Cognition (inhibition),taVNS response inhibition (mixed),,Keute,Germany,2019,Sci Rep / Neuropsychologia,No modulation of response inhibition by transcutaneous auricular vagus nerve stimulation,"RCT, healthy",Null on inhibition,taVNS,Auricular (cymba conchae),25,0.5,250,30s on / 30s off,—,—,min,1,No reliable effect on response inhibition (valid negative),https://pubmed.ncbi.nlm.nih.gov/?term=Keute%202019%20vagus%20nerve%20stimulation
☺ (modest),Cognition (learning),taVNS language learning,,Kaan,USA,2021,Brain Behav / Lang Cogn Neurosci,Transcutaneous vagus nerve stimulation and second-language learning,"Behavior, healthy",Language acquisition,taVNS,Auricular (tragus),25,subthreshold,—,paired with training,with training,—,task,sessions,Modest facilitation of aspects of language learning,https://pubmed.ncbi.nlm.nih.gov/?term=Kaan%202021%20vagus%20nerve%20stimulation
☹,Cognition (working memory),taVNS WM null,,Jongkees,Netherlands,2018,Biol Psychol / Cortex,Transcutaneous vagus nerve stimulation and working memory: no reliable effect,"RCT, healthy",Null,taVNS,Auricular (concha),25,0.5,250,continuous,—,—,min,1,No reliable working-memory benefit (valid negative),https://pubmed.ncbi.nlm.nih.gov/?term=Jongkees%202018%20vagus%20nerve%20stimulation
☺,Cognition / arousal,taVNS pupil/arousal,,Sharon,Israel,2021,J Neurosci,Transcutaneous vagus nerve stimulation in humans induces pupil dilation and attenuates alpha oscillations,Behavior + physiology,Arousal markers,taVNS,Auricular (concha),25 (short bursts),to tolerance,300,phasic bursts,—,—,seconds-min,1,Brief taVNS caused pupil dilation and alpha attenuation (LC-NE arousal),https://pubmed.ncbi.nlm.nih.gov/?term=Sharon%202021%20vagus%20nerve%20stimulation
☺ (modest),Cognition / arousal,taVNS pupil / learning,,D'Agostini,Belgium,2021,Psychophysiology / Int J Psychophysiol,Effects of transcutaneous auricular vagus nerve stimulation on pupil size and associative learning,"RCT, healthy",Pupil + learning,taVNS,Auricular (cymba conchae),25,0.5,250,varied,—,—,task,1,Weak/parameter-dependent effects on pupil and learning,https://pubmed.ncbi.nlm.nih.gov/?term=D'Agostini%202021%20vagus%20nerve%20stimulation
☺,Autonomic / cardiovascular,taVNS increases HRV,,Clancy,UK,2014,Brain Stimul,Non-invasive vagus nerve stimulation in healthy humans reduces sympathetic nerve activity and increases HRV,"Physiology, healthy",MSNA + HRV,taVNS,Auricular (tragus),30,to tolerance,200-300,continuous,—,—,15 min,1,taVNS increased HRV and reduced muscle sympathetic nerve activity,https://pubmed.ncbi.nlm.nih.gov/?term=Clancy%202014%20vagus%20nerve%20stimulation
☺ (modest),Autonomic / cardiovascular,taVNS HRV (ear side),,De Couck,Belgium,2017,Int J Cardiol / Auton Neurosci,Effects of short and prolonged taVNS on heart rate variability in healthy subjects,"Physiology, healthy",Right vs left ear,taVNS,Auricular (concha),—,to tolerance,—,continuous,—,—,10-30 min,1,Right-ear taVNS increased HRV; laterality/dose dependent,https://pubmed.ncbi.nlm.nih.gov/?term=De%20Couck%202017%20vagus%20nerve%20stimulation
☺ (modest),Autonomic / cardiovascular,taVNS autonomic aging,,Bretherton,UK,2019,Aging (Albany NY),Effects of transcutaneous vagus nerve stimulation in individuals aged 55 years or above (autonomic function),"RCT, older adults",Autonomic aging,taVNS,Auricular (tragus),—,to tolerance,200-300,continuous,—,Parasym,15 min/day,2 wk,"Improved autonomic balance (HRV, baroreflex) and mood/QoL in older adults",https://pubmed.ncbi.nlm.nih.gov/?term=Bretherton%202019%20vagus%20nerve%20stimulation
☺ (modest),Autonomic / cardiovascular,taVNS baroreflex,,Tran,USA,2019,Am J Physiol / Front Physiol,Transcutaneous vagus nerve stimulation and baroreflex sensitivity,"Physiology, healthy",Baroreflex,taVNS,Auricular (tragus),—,to tolerance,—,continuous,—,—,min,1,taVNS modulated baroreflex sensitivity,https://pubmed.ncbi.nlm.nih.gov/?term=Tran%202019%20vagus%20nerve%20stimulation
☺ (modest),Autonomic / cardiovascular,taVNS blood pressure,,Antonino,Brazil,2017,Brain Stimul,Non-invasive vagus nerve stimulation acutely improves spontaneous cardiac baroreflex sensitivity,"Physiology, healthy",Baroreflex/BP,taVNS,Auricular (tragus),—,to tolerance,—,continuous,—,—,min,1,Acute taVNS improved cardiac baroreflex sensitivity,https://pubmed.ncbi.nlm.nih.gov/?term=Antonino%202017%20vagus%20nerve%20stimulation
☺ (modest),Atrial fibrillation,taVNS AF (mechanism),,Wang,China,2015,J Cardiovasc Electrophysiol,Low-level transcutaneous vagus nerve stimulation suppresses atrial fibrillation inducibility,Physiology / RCT,AF suppression,taVNS,Auricular (tragus),20,1 mA below discomfort,200-300,during study,—,—,min-hr,acute,Reduced AF inducibility and atrial electrical remodeling,https://pubmed.ncbi.nlm.nih.gov/?term=Wang%202015%20vagus%20nerve%20stimulation
☺ (modest),Atrial fibrillation,taVNS AF,,Chen,China,2015,Heart Rhythm / Europace,Transcutaneous vagus nerve stimulation and atrial fibrillation: autonomic modulation,Physiology,AF autonomic,taVNS,Auricular (tragus),20,1 mA below discomfort,200-300,hr,—,—,hr,acute,taVNS shifted autonomic balance to reduce AF burden,https://pubmed.ncbi.nlm.nih.gov/?term=Chen%202015%20vagus%20nerve%20stimulation
☺ (modest),Heart failure,taVNS HF pilot,,Zhou,China,2019,Int J Cardiol / ESC Heart Fail,Transcutaneous auricular vagus nerve stimulation in patients with heart failure: pilot,Pilot,Non-invasive HF,taVNS,Auricular (tragus),20,to tolerance,200-300,1 hr/day,—,—,1 hr/day,weeks,Improved cardiac function markers and inflammation (pilot),https://pubmed.ncbi.nlm.nih.gov/?term=Zhou%202019%20vagus%20nerve%20stimulation
☺ (modest),Autonomic / cardiovascular,taVNS HRV RCT,,Machetanz,Germany,2021,Clin Auton Res / Front Physiol,Transcutaneous auricular vagus nerve stimulation and cardiac autonomic modulation,"Physiology, healthy",HRV parameters,taVNS,Auricular (cymba conchae),25,to tolerance,250,varied,—,—,min,1,taVNS shifted HRV toward parasympathetic predominance,https://pubmed.ncbi.nlm.nih.gov/?term=Machetanz%202021%20vagus%20nerve%20stimulation
☺ (modest),Autonomic / cardiovascular,taVNS blood pressure RCT,,Geng,China,2022,Front Physiol / Hypertens Res,Transcutaneous auricular vagus nerve stimulation for blood-pressure regulation,RCT pilot,Hypertension,taVNS,Auricular (cymba conchae),20,to tolerance,200-300,30 min/day,—,—,30 min/day,weeks,Modest reduction in blood pressure vs sham,https://pubmed.ncbi.nlm.nih.gov/?term=Geng%202022%20vagus%20nerve%20stimulation
☹,Autonomic / cardiovascular,taVNS HRV null,,Keute,Germany,2018,Clin Neurophysiol / Sci Rep,No reliable effect of transcutaneous auricular vagus nerve stimulation on heart rate variability,"Physiology, healthy",Null on HRV,taVNS,Auricular (cymba conchae),25,0.5,250,varied,—,—,min,1,No reliable acute HRV change (valid negative; parameter-sensitivity caution),https://pubmed.ncbi.nlm.nih.gov/?term=Keute%202018%20vagus%20nerve%20stimulation
☹,Atrial fibrillation,taVNS AF null,,Gauthey,Switzerland,2020,Int J Cardiol / Europace,Transcutaneous auricular vagus nerve stimulation and atrial fibrillation: no acute effect,Physiology,Null,taVNS,Auricular (tragus),20,to tolerance,200-300,acute,—,—,min,acute,No acute change in AF-relevant electrophysiology (valid negative),https://pubmed.ncbi.nlm.nih.gov/?term=Gauthey%202020%20vagus%20nerve%20stimulation
☺ (modest),Autonomic / cardiovascular,taVNS autonomic review,,Dalgleish,UK,2021,Auton Neurosci / Front Neurosci,Transcutaneous vagus nerve stimulation and autonomic regulation: review,Review,Autonomic synthesis,taVNS,Auricular,20-30,—,—,—,—,—,—,—,Reviews taVNS autonomic effects and methodological variability,https://pubmed.ncbi.nlm.nih.gov/?term=Dalgleish%202021%20vagus%20nerve%20stimulation
☺ (modest),Inflammation / autoimmune,taVNS endotoxemia,,Lerman,USA,2016,Neuromodulation,Non-invasive vagus nerve stimulation alters neural and immune biomarkers,"Physiology, healthy",Immune markers,taVNS,Auricular (cymba conchae),—,to tolerance,—,min/day,—,—,min/day,days,taVNS modulated cytokine responses and autonomic markers,https://pubmed.ncbi.nlm.nih.gov/?term=Lerman%202016%20vagus%20nerve%20stimulation
☺ (modest),Sjögren / lupus,taVNS Sjögren fatigue,,Tarn,UK,2019,Neuromodulation / Clin Ther,The effects of noninvasive vagus nerve stimulation on fatigue in Sjögren's syndrome,Pilot,Fatigue,taVNS,Auricular,—,to tolerance,—,min/day,—,—,min/day,weeks,Reduced fatigue and inflammatory markers in Sjögren's (pilot),https://pubmed.ncbi.nlm.nih.gov/?term=Tarn%202019%20vagus%20nerve%20stimulation
☺ (modest),Inflammation / autoimmune,taVNS immune (healthy),,Drewes,Denmark,2021,Brain Behav Immun / Sci Rep,Short-term transcutaneous vagus nerve stimulation modulates the immune response,"Physiology, healthy",Immune modulation,taVNS,Auricular (cymba conchae),—,to tolerance,—,min,—,—,min,1,taVNS influenced immune/inflammatory markers in healthy volunteers,https://pubmed.ncbi.nlm.nih.gov/?term=Drewes%202021%20vagus%20nerve%20stimulation
⚔ ref,Crohn's disease / IBD,taVNS IBD review,,Bonaz,France,2021,Bioelectron Med / Front Neurosci,Transcutaneous auricular vagus nerve stimulation for inflammatory bowel disease: rationale and evidence,Review,IBD synthesis,taVNS,Auricular (cymba conchae),—,—,—,—,—,—,—,—,Reviews anti-inflammatory rationale and early taVNS IBD data,https://pubmed.ncbi.nlm.nih.gov/?term=Bonaz%202021%20vagus%20nerve%20stimulation
⚔ ref,COVID-19 / inflammation,taVNS COVID rationale,,Kaniusas,Austria,2020,Front Physiol,Non-invasive auricular vagus nerve stimulation as a potential treatment for COVID-19-related inflammation,Review / concept,Cytokine-storm rationale,taVNS,Auricular (cymba conchae),—,—,—,—,—,—,—,—,Proposed taVNS to dampen COVID-19 hyperinflammation (rationale),https://pubmed.ncbi.nlm.nih.gov/?term=Kaniusas%202020%20vagus%20nerve%20stimulation
☺ (modest),COVID-19 / inflammation,taVNS long COVID,,Baptista,Brazil / intl,2023,Front Neurol / Bioelectron Med,Transcutaneous auricular vagus nerve stimulation for long-COVID symptoms: pilot,Pilot,Long COVID,taVNS,Auricular (cymba conchae),20-25,to tolerance,200-300,min/day,—,—,min/day,weeks,Reduced fatigue/dysautonomia in long-COVID (pilot),https://pubmed.ncbi.nlm.nih.gov/?term=Baptista%202023%20vagus%20nerve%20stimulation
☺ (modest),COVID-19 / inflammation,taVNS COVID RCT,,Verma,USA,2023,Bioelectron Med / Front Med,Auricular vagus nerve stimulation for hospitalized COVID-19 patients: randomized pilot,RCT pilot,Hospitalized COVID,taVNS,Auricular (cymba conchae),—,to tolerance,—,min/day,—,—,min/day,days,Trend to lower inflammatory markers and improved symptoms (pilot),https://pubmed.ncbi.nlm.nih.gov/?term=Verma%202023%20vagus%20nerve%20stimulation
☺ (modest),Stroke rehabilitation,taVNS feasibility,,Redgrave,UK,2018,Brain Stimul,Safety and tolerability of transcutaneous vagus nerve stimulation in humans with stroke: pilot,Pilot,Feasibility + rehab,taVNS,Auricular (tragus / concha),20-25,to tolerance,200-300,paired with movement,with upper-limb rehab,—,rehab sessions,weeks,Feasible and safe; preliminary motor gains with paired taVNS,https://pubmed.ncbi.nlm.nih.gov/?term=Redgrave%202018%20vagus%20nerve%20stimulation
☺ (modest),Stroke rehabilitation,taVNS motor,,Chang,China / USA,2021,Neurorehabil Neural Repair / Front Neurol,Transcutaneous auricular vagus nerve stimulation paired with rehabilitation for stroke: pilot RCT,RCT pilot,Paired taVNS,taVNS,Auricular (concha),20-25,to tolerance,200-300,movement-paired,with upper-limb rehab,—,rehab sessions,weeks,Greater upper-limb motor improvement vs sham-paired rehab,https://pubmed.ncbi.nlm.nih.gov/?term=Chang%202021%20vagus%20nerve%20stimulation
☺ (modest),Stroke rehabilitation,taVNS RCT,,Zhao,China,2022,Front Neurol / Neural Plast,Transcutaneous auricular vagus nerve stimulation for upper-limb motor recovery after stroke: RCT,RCT,Motor recovery,taVNS,Auricular (concha),20-30,to tolerance,200-300,movement-paired,with rehab,—,rehab sessions,4-6 wk,Improved motor function vs control,https://pubmed.ncbi.nlm.nih.gov/?term=Zhao%202022%20vagus%20nerve%20stimulation
☺ (modest),Stroke rehabilitation,taVNS meta-analysis,,Li,China,2022,Front Neurol,Transcutaneous auricular vagus nerve stimulation for post-stroke rehabilitation: systematic review,Meta-analysis,Pooled taVNS stroke,taVNS,Auricular,20-30,—,—,—,with rehab,—,—,—,taVNS-paired rehab improved motor outcomes vs rehab alone (small-moderate),https://pubmed.ncbi.nlm.nih.gov/?term=Li%202022%20vagus%20nerve%20stimulation
☺ (modest),Disorders of consciousness,taVNS DoC (first),,Yu,China,2017,Brain Stimul,Transcutaneous auricular vagus nerve stimulation in disorders of consciousness monitored by fMRI: case report,Case report,First taVNS DoC,taVNS,Auricular (cymba conchae),20-30,to tolerance,200-500,30s on / varied,—,—,min/day,weeks,Behavioral (CRS-R) improvement with taVNS in a minimally conscious patient,https://pubmed.ncbi.nlm.nih.gov/?term=Yu%202017%20vagus%20nerve%20stimulation
☺ (modest),Disorders of consciousness,taVNS DoC,,Hakon,Norway / USA,2020,Neuromodulation / Brain Inj,Transcutaneous vagus nerve stimulation in patients with severe traumatic brain injury: feasibility,Pilot,TBI / DoC,taVNS,Auricular (cymba conchae),25,to tolerance,250,varied,—,—,min/day,weeks,Feasible; signs of arousal improvement in some patients,https://pubmed.ncbi.nlm.nih.gov/?term=Hakon%202020%20vagus%20nerve%20stimulation
☺ (modest),Disorders of consciousness,taVNS DoC RCT,,Vitello,Italy / Belgium,2023,Brain Stimul / J Neurol,A randomized crossover trial of taVNS in disorders of consciousness,RCT crossover,Controlled DoC,taVNS,Auricular (cymba conchae),25,to tolerance,250-500,varied,—,—,min/day,weeks,Modest CRS-R improvement vs sham in subset (crossover),https://pubmed.ncbi.nlm.nih.gov/?term=Vitello%202023%20vagus%20nerve%20stimulation
⚔ ref,Disorders of consciousness,taVNS DoC review,,Osińska,Poland,2022,Front Neurosci / J Clin Med,Non-invasive vagus nerve stimulation in consciousness disorders: review,Review,DoC synthesis,taVNS,Auricular,20-30,—,—,—,—,—,—,—,Reviews taVNS mechanisms and early evidence in disorders of consciousness,https://pubmed.ncbi.nlm.nih.gov/?term=Osi%C5%84ska%202022%20vagus%20nerve%20stimulation
☺ (modest),Insomnia / sleep,taVNS insomnia RCT,,Jiao,China,2020,J Affect Disord / Nat Sci Sleep,Transcutaneous auricular vagus nerve stimulation for primary insomnia: randomized controlled trial,RCT,Primary insomnia,taVNS,Auricular (cymba conchae),20,4-6,200-300,30 min x2/day,—,—,30 min x2/day,8 wk,Improved sleep quality (PSQI) vs sham,https://pubmed.ncbi.nlm.nih.gov/?term=Jiao%202020%20vagus%20nerve%20stimulation
☺ (modest),Insomnia / sleep,taVNS insomnia,,Luo,China,2017,Evid Based Complement Alternat Med,Transcutaneous auricular vagus nerve stimulation for primary insomnia: efficacy,RCT,Insomnia,taVNS,Auricular (concha),20,to tolerance,200-300,30 min/day,—,—,30 min/day,weeks,Reduced insomnia severity vs control,https://pubmed.ncbi.nlm.nih.gov/?term=Luo%202017%20vagus%20nerve%20stimulation
☺ (modest),Insomnia / sleep,taVNS sleep,,Zhao,China,2020,Front Neurol / Sleep Med,Transcutaneous auricular vagus nerve stimulation improves sleep in insomnia,RCT,Insomnia,taVNS,Auricular (cymba conchae),20,to tolerance,200-300,30 min x2/day,—,—,30 min x2/day,8 wk,Improved sleep parameters and daytime function,https://pubmed.ncbi.nlm.nih.gov/?term=Zhao%202020%20vagus%20nerve%20stimulation
☺ (modest),PTSD / fear,taVNS fear/uncertainty,,Burger,Netherlands,2017,Int J Psychophysiol / Psychophysiology,Transcutaneous vagus nerve stimulation and fear generalization / uncertainty,"Behavior, healthy",Fear processing,taVNS,Auricular (concha),25,0.5,200-300,continuous,with fear task,—,task,1,taVNS modulated fear generalization and threat processing,https://pubmed.ncbi.nlm.nih.gov/?term=Burger%202017%20vagus%20nerve%20stimulation
☺ (modest),PTSD / fear,taVNS defensive response,,Szeska,Germany,2020,Sci Rep / Psychophysiology,Transcutaneous vagus nerve stimulation promotes extinction of defensive responses,"RCT, healthy",Extinction,taVNS,Auricular (cymba conchae),25,0.5,200-500,paired with extinction,with extinction,—,task,1,taVNS enhanced extinction of defensive (startle) responses,https://pubmed.ncbi.nlm.nih.gov/?term=Szeska%202020%20vagus%20nerve%20stimulation
☺ (modest),Anxiety disorders,taVNS anxiety RCT,,Tan,China,2022,J Affect Disord / Front Psychiatry,Transcutaneous auricular vagus nerve stimulation for generalized anxiety disorder: randomized trial,RCT,GAD,taVNS,Auricular (cymba conchae),20,4-6,200-300,30 min x2/day,—,—,30 min x2/day,8 wk,Reduced anxiety (HAMA) vs sham,https://pubmed.ncbi.nlm.nih.gov/?term=Tan%202022%20vagus%20nerve%20stimulation
☺ (modest),Anxiety disorders,taVNS emotion regulation,,Bramson,Netherlands,2023,Biol Psychiatry CNNI / eLife,Transcutaneous vagus nerve stimulation enhances emotional-action control,"Behavior + fMRI, healthy",Emotion regulation,taVNS,Auricular (cymba conchae),25,to tolerance,250,varied,—,—,task,1,taVNS improved control over emotional actions (prefrontal-amygdala),https://pubmed.ncbi.nlm.nih.gov/?term=Bramson%202023%20vagus%20nerve%20stimulation
☺ (modest),Anxiety disorders,taVNS GAD,,Zhu,China,2022,Front Psychiatry / J Affect Disord,Transcutaneous auricular vagus nerve stimulation for anxiety: pilot RCT,RCT pilot,Anxiety,taVNS,Auricular (cymba conchae),20,to tolerance,200-300,30 min/day,—,—,30 min/day,weeks,Reduced anxiety symptoms vs sham (pilot),https://pubmed.ncbi.nlm.nih.gov/?term=Zhu%202022%20vagus%20nerve%20stimulation
☺ (modest),Functional GI,taVNS functional dyspepsia,,Zhu,China,2021,Neurogastroenterol Motil / Am J Gastroenterol,Transcutaneous auricular vagus nerve stimulation improves functional dyspepsia: randomized trial,RCT,Functional dyspepsia,taVNS,Auricular (cymba conchae),25,to tolerance,500,2 wks x daily,—,—,min x2/day,4 wk,Improved dyspepsia symptoms and gastric accommodation vs sham,https://pubmed.ncbi.nlm.nih.gov/?term=Zhu%202021%20vagus%20nerve%20stimulation
☺ (modest),Functional GI,taVNS gastric / appetite,,Teckentrup,Germany,2020,Am J Physiol / Appetite,Non-invasive stimulation of vagal afferents modulates gastric myoelectric activity and food intake,"Physiology, healthy",Gastric/food,taVNS,Auricular (cymba conchae),10-25,to tolerance,250,varied,—,—,min,1,taVNS modulated gastric myoelectric frequency and eating behavior,https://pubmed.ncbi.nlm.nih.gov/?term=Teckentrup%202020%20vagus%20nerve%20stimulation
☺ (modest),Functional GI,taVNS appetite,,Kozorosky,USA,2022,Appetite / Physiol Behav,Transcutaneous auricular vagus nerve stimulation and appetite/food intake,"RCT, healthy",Appetite,taVNS,Auricular (cymba conchae),—,to tolerance,—,varied,—,—,min,1,taVNS altered appetite ratings/food intake vs sham,https://pubmed.ncbi.nlm.nih.gov/?term=Kozorosky%202022%20vagus%20nerve%20stimulation
☺ (modest),Functional GI,taVNS IBS,,Hong,China / USA,2022,Neurogastroenterol Motil / Front Neurosci,Transcutaneous vagus nerve stimulation for irritable bowel syndrome: pilot,Pilot,IBS,taVNS,Auricular (cymba conchae),25,to tolerance,300-500,min/day,—,—,min/day,weeks,Reduced abdominal pain/IBS symptoms (pilot),https://pubmed.ncbi.nlm.nih.gov/?term=Hong%202022%20vagus%20nerve%20stimulation
☺ (modest),Functional GI,taVNS gastric motility,,Shi,China,2021,Neuromodulation / Am J Physiol,Transcutaneous auricular vagus nerve stimulation enhances gastric motility,Physiology,Gastric motility,taVNS,Auricular (cymba conchae),25,to tolerance,500,varied,—,—,min,1,taVNS increased gastric slow-wave/motility via vagal pathway,https://pubmed.ncbi.nlm.nih.gov/?term=Shi%202021%20vagus%20nerve%20stimulation
☺ (modest),Tinnitus,taVNS safety,,Kreuzer,Germany,2014,Front Psychiatry / Brain Stimul,Transcutaneous vagus nerve stimulation: retrospective assessment of tolerability in tinnitus,Retrospective,Safety/tolerability,taVNS,Auricular (cymba conchae),25,0.5-1.0,250,4h/day,—,NEMOS,hrs/day,weeks,Well tolerated; modest tinnitus benefit in some,https://pubmed.ncbi.nlm.nih.gov/?term=Kreuzer%202014%20vagus%20nerve%20stimulation
☺ (modest),Tinnitus,taVNS tinnitus,,Ylikoski,Finland,2017,Acta Otolaryngol / Int Tinnitus J,Transcutaneous vagus nerve stimulation for chronic tinnitus,Prospective,Tinnitus,taVNS,Auricular (concha),25,to tolerance,250,min/day,—,—,min/day,weeks,Reduced tinnitus distress and improved HRV,https://pubmed.ncbi.nlm.nih.gov/?term=Ylikoski%202017%20vagus%20nerve%20stimulation
☺ (modest),Tinnitus,taVNS + sound,,Suk,South Korea,2018,Prog Neuropsychopharmacol Biol Psychiatry / Otol Neurotol,Transcutaneous vagus nerve stimulation paired with sound for tinnitus,Pilot,Paired with sound,taVNS,Auricular (concha),25,to tolerance,250,sound-paired,with tailored sound,—,min/session,weeks,Paired taVNS + sound reduced tinnitus handicap in a subset,https://pubmed.ncbi.nlm.nih.gov/?term=Suk%202018%20vagus%20nerve%20stimulation
☺ (modest),Parkinson's disease,taVNS gait,,Sigurdsson,UK,2021,Front Aging Neurosci / Brain Commun,Transcutaneous auricular vagus nerve stimulation and gait in Parkinson's disease,Pilot,Gait,taVNS,Auricular (cymba conchae),25,to tolerance,250,paired with gait,—,—,min,1-few,Improved gait measures acutely in PD (pilot),https://pubmed.ncbi.nlm.nih.gov/?term=Sigurdsson%202021%20vagus%20nerve%20stimulation
☺ (modest),Parkinson's disease,taVNS motor/cognition,,Marano,Italy,2022,Parkinsonism Relat Disord / Front Neurol,Transcutaneous auricular vagus nerve stimulation in Parkinson's disease: pilot,Pilot,Motor/cognition,taVNS,Auricular (cymba conchae),25,to tolerance,250,min/day,—,—,min/day,weeks,Modest motor/cognitive/autonomic effects (pilot),https://pubmed.ncbi.nlm.nih.gov/?term=Marano%202022%20vagus%20nerve%20stimulation
☺ (modest),Parkinson's disease,taVNS balance,,Mondal,USA,2021,Neurosci Lett / Front Physiol,Non-invasive vagus nerve stimulation improves postural stability in Parkinson's disease,Pilot,Balance,taVNS,Auricular (tragus),25,to tolerance,250-500,acute,—,—,min,1,Acute taVNS improved postural stability measures,https://pubmed.ncbi.nlm.nih.gov/?term=Mondal%202021%20vagus%20nerve%20stimulation
☹,Schizophrenia,taVNS RCT (null),,Hasan,Germany,2015,Eur Arch Psychiatry Clin Neurosci,Transcutaneous noninvasive vagus nerve stimulation (taVNS) in the treatment of schizophrenia: a randomized controlled trial,RCT,Add-on taVNS,taVNS,Auricular (cymba conchae),25,0.5-1.0,250,varied,—,NEMOS,min/day,26 wk,No significant symptom benefit over sham (valid negative),https://pubmed.ncbi.nlm.nih.gov/?term=Hasan%202015%20vagus%20nerve%20stimulation
☺ (modest),Schizophrenia,taVNS cognition,,Zhu,China,2019,Schizophr Res / Front Psychiatry,Transcutaneous auricular vagus nerve stimulation for cognition in schizophrenia: pilot,Pilot,Cognition,taVNS,Auricular (cymba conchae),20-25,to tolerance,200-300,min/day,—,—,min/day,weeks,Modest cognitive change; larger trials needed (pilot),https://pubmed.ncbi.nlm.nih.gov/?term=Zhu%202019%20vagus%20nerve%20stimulation
☺ (modest),Addiction,taVNS craving,,Cai,China,2022,Front Psychiatry / Drug Alcohol Depend,Transcutaneous auricular vagus nerve stimulation reduces cue-induced craving,RCT pilot,Cue-craving,taVNS,Auricular (cymba conchae),20-25,to tolerance,200-300,cue-paired,—,—,min,1-few,taVNS reduced cue-induced craving vs sham (pilot),https://pubmed.ncbi.nlm.nih.gov/?term=Cai%202022%20vagus%20nerve%20stimulation
☺,Mechanism / methodology,Vagal afferent evidence,,Fallgatter,Germany,2003,Clin Neurophysiol,Far field potentials from the brain stem after transcutaneous vagus nerve stimulation,"Physiology, healthy",First afferent evidence,taVNS,Auricular (tragus),—,to tolerance,—,short,—,—,min,1,Recorded vagal sensory evoked (far-field) potentials — proof taVNS activates vagal afferents,https://pubmed.ncbi.nlm.nih.gov/?term=Fallgatter%202003%20vagus%20nerve%20stimulation
⚔ ref,Mechanism / methodology,Evoked potentials,,Polak,Germany,2009,J Neural Transm,Vagus somatosensory evoked potentials during taVNS: reproducibility,Physiology,VSEP reliability,taVNS,Auricular (tragus),—,to tolerance,—,short,—,—,min,1,Established vagus somatosensory evoked potentials as a taVNS target marker,https://pubmed.ncbi.nlm.nih.gov/?term=Polak%202009%20vagus%20nerve%20stimulation
⚔ ref,Mechanism / methodology,taVNS fMRI,,Dietrich,Germany,2008,Biomed Tech (Berl),A novel transcutaneous vagus nerve stimulation leads to brainstem and cortical activations (fMRI),fMRI,Early taVNS imaging,taVNS,Auricular (concha),—,to tolerance,—,block,—,—,min,1,taVNS activated brainstem and higher-order regions on fMRI,https://pubmed.ncbi.nlm.nih.gov/?term=Dietrich%202008%20vagus%20nerve%20stimulation
⚔ ref,Mechanism / methodology,taVNS BOLD,,Kraus,Germany,2013,Brain Stimul,CNS BOLD fMRI effects of sham-controlled transcutaneous electrical nerve stimulation in the left outer auditory canal,fMRI,Sham-controlled imaging,taVNS,Auricular (canal / tragus),—,to tolerance,—,block,—,—,min,1,Mapped taVNS site-specific BOLD responses vs sham,https://pubmed.ncbi.nlm.nih.gov/?term=Kraus%202013%20vagus%20nerve%20stimulation
☺,Mechanism / methodology,Respiratory-gated (7T),,Sclocco,USA,2019,Brain Stimul,The influence of respiration on brainstem and cardiovagal response to auricular vagus nerve stimulation: a 7T fMRI study,7T fMRI,Respiratory gating,taVNS,Auricular (cymba conchae),—,to tolerance,—,exhalation-gated,—,—,min,1,Exhalation-gated taVNS produced stronger NTS/brainstem and cardiovagal responses,https://pubmed.ncbi.nlm.nih.gov/?term=Sclocco%202019%20vagus%20nerve%20stimulation
☺ (modest),Mechanism / methodology,Respiratory-gated cardiovagal,,Sclocco,USA,2020,Neuroimage / Auton Neurosci,Respiratory-gated auricular vagal afferent nerve stimulation (RAVANS) optimizes autonomic modulation,Physiology + fMRI,RAVANS optimization,taVNS,Auricular (RAVANS),—,to tolerance,—,respiration-gated,—,RAVANS,min,1,Respiration-gated taVNS enhanced cardiovagal/autonomic engagement,https://pubmed.ncbi.nlm.nih.gov/?term=Sclocco%202020%20vagus%20nerve%20stimulation
⚔ ref,Mechanism / methodology,taVNS fMRI optimization,,Yakunina,South Korea,2018,Neuromodulation,BOLD fMRI effects of transcutaneous vagus nerve stimulation at different sites and parameters,fMRI,Parameter mapping,taVNS,Auricular (cymba conchae vs tragus),—,to tolerance,—,block,—,—,min,1,Confirmed cymba conchae and specific parameters maximize brainstem engagement,https://pubmed.ncbi.nlm.nih.gov/?term=Yakunina%202018%20vagus%20nerve%20stimulation
⚔ ref,Mechanism / methodology,taVNS technical/physiology,,Ellrich,Germany,2011,J Clin Neurophysiol / Eur Neurol,Transcutaneous vagus nerve stimulation: technical and physiological basis,Methods,Technical basis,taVNS,Auricular (tragus / concha),—,—,—,—,—,—,—,—,Describes taVNS technical principles and afferent physiology,https://pubmed.ncbi.nlm.nih.gov/?term=Ellrich%202011%20vagus%20nerve%20stimulation
⚔ ref,Mechanism / methodology,taVNS review (state of art),,Burger,Netherlands,2020,Int J Psychophysiol / Neurosci Biobehav Rev,Transcutaneous vagus nerve stimulation (tVNS) and the state of the art,Review,Critical review,taVNS,Auricular,20-30,—,—,—,—,—,—,—,"Critically reviews taVNS evidence, effect sizes, and replication gaps",https://pubmed.ncbi.nlm.nih.gov/?term=Burger%202020%20vagus%20nerve%20stimulation
⚔ ref,Mechanism / methodology,taVNS current directions,,Kaniusas,Austria,2019,Front Neurosci,Current directions in the auricular vagus nerve stimulation (parts I & II),Review,Engineering + clinical,taVNS,Auricular,—,—,—,—,—,—,—,—,"Two-part review of taVNS physics, dosing, and clinical translation",https://pubmed.ncbi.nlm.nih.gov/?term=Kaniusas%202019%20vagus%20nerve%20stimulation
⚔ ref,Mechanism / methodology,taVNS parameter review,,Wolf,Germany,2021,Front Hum Neurosci / Brain Stimul,Transcutaneous auricular vagus nerve stimulation: parameter selection and effects,Review,Parameter guidance,taVNS,Auricular (cymba conchae),10-30,0.5-8,100-500,varied,—,—,—,—,Synthesizes how frequency/intensity/site/timing shape taVNS outcomes,https://pubmed.ncbi.nlm.nih.gov/?term=Wolf%202021%20vagus%20nerve%20stimulation
⚔ ref,Mechanism / methodology,taVNS methodology recommendations,,Ridgewell,USA,2021,Brain Stimul / Prog Neurobiol,The importance of stimulation parameters and reporting in taVNS research,Methods / guideline,Reporting standards,taVNS,Auricular,—,—,—,—,—,—,—,—,Recommends standardized taVNS parameters and reporting to aid reproducibility,https://pubmed.ncbi.nlm.nih.gov/?term=Ridgewell%202021%20vagus%20nerve%20stimulation