★,Category,Subcategory,,First author,Country,Year,Journal,Title,Study type,Notes,Montage (electrodes),Target region,Frequency (Hz),Intensity (mA),Electrode size / density,Phase / waveform,Duration (min),N sessions,Results (☺ positive / modest / ☹ null → conclusions),Link
⚔ ref,Mechanism / validation,Foundational (first human tACS),,Antal,Germany,2008,Brain Stimul,Comparatively weak after-effects of transcranial alternating current stimulation (tACS) on cortical excitability in humans,"Physiology, healthy",First systematic human tACS study,Bifrontal / M1-orbit,Motor cortex (M1),1-45,0.4-1 mA,~16 cm² (sponge),Sinusoidal AC,2-5 min,1,Frequency-dependent effects on excitability; launched human tACS field,https://pubmed.ncbi.nlm.nih.gov/?term=Antal%202008%20tACS
⚔ ref,Mechanism / validation,Phosphenes (visual),,Kanai,UK,2008,Curr Biol,Frequency-dependent electrical stimulation of the visual system,"Physiology, healthy",tACS over occipital cortex evokes phosphenes,Oz-Cz,Occipital / visual cortex,β/α (state-dependent),up to ~1 mA,~16 cm²,Sinusoidal AC,seconds-min,1,Phosphene threshold frequency depends on background lighting; direct cortical AC effect,https://pubmed.ncbi.nlm.nih.gov/?term=Kanai%202008%20tACS
☺,Mechanism / validation,Alpha entrainment (EEG aftereffect),,Zaehle,Germany,2010,PLoS One,Transcranial alternating current stimulation enhances individual alpha activity in human EEG,"EEG, healthy",10Hz tACS at individual alpha frequency,Cz-Oz,Parieto-occipital,individual alpha (~10),1 mA,~16 cm²,Sinusoidal AC,10 min,1,Increased alpha power outlasting stimulation; first EEG aftereffect evidence,https://pubmed.ncbi.nlm.nih.gov/?term=Zaehle%202010%20tACS
⚔ ref,Mechanism / validation,Computational model,,Ali,USA,2013,J Neurosci,Transcranial alternating current stimulation modulates large-scale cortical network activity by network resonance,Modeling,Predicts entrainment/resonance,—,Cortical networks,broadband,—,—,Sinusoidal AC,—,—,tACS entrains network oscillations via resonance; frequency-specific,https://pubmed.ncbi.nlm.nih.gov/?term=Ali%202013%20tACS
⚔ ref,Mechanism / validation,Mechanisms review,,Herrmann,Germany,2013,Front Hum Neurosci,Transcranial alternating current stimulation: a review of the underlying mechanisms and modulation of cognitive processes,Review,Entrainment + plasticity aftereffects,—,—,—,—,—,Sinusoidal AC,—,—,Frames online entrainment vs offline plasticity aftereffects,https://pubmed.ncbi.nlm.nih.gov/?term=Herrmann%202013%20tACS
☺,Mechanism / validation,Intracranial validation (human),,Lafon,USA,2017,Nat Commun,Low frequency transcranial electrical stimulation does not entrain sleep rhythms measured by human intracranial recordings,"Intracranial, epilepsy",Depth electrodes during stimulation,Frontal,Cortex (intracranial),~1 (SO),up to 2.5 mA,—,Sinusoidal AC,—,—,Weak/absent entrainment of sleep rhythms at scalp doses; cautionary evidence,https://pubmed.ncbi.nlm.nih.gov/?term=Lafon%202017%20tACS
☹,Mechanism / validation,Scalp shunting caution,,Vöröslakos,Hungary / USA,2018,Nat Commun,Direct effects of transcranial electric stimulation on brain circuits in rats and humans,"Intracerebral, human cadaver + rat",Most current shunted by scalp,Various,Cortex,—,up to ~4-6 mA needed,—,AC / DC,—,—,~75% of scalp current shunted; conventional 1-2 mA may be subthreshold (methodological caution),https://pubmed.ncbi.nlm.nih.gov/?term=V%C3%B6r%C3%B6slakos%202018%20tACS
☺,Mechanism / validation,Intracranial (primate),,Krause,USA,2019,PNAS,Transcranial alternating current stimulation entrains single-neuron activity in the primate brain,"Intracranial, monkey",Single-unit entrainment,—,Cortex (intracranial),band-specific,1-2 mA,—,Sinusoidal AC,—,—,Direct evidence tACS entrains spiking phase at behaviorally relevant intensities,https://pubmed.ncbi.nlm.nih.gov/?term=Krause%202019%20tACS
☺,Mechanism / validation,"Intracranial (human, dose)",,Johnson,USA,2020,Sci Adv,Dose-dependent enhancement of theta oscillations by tACS in the human brain,"Intracranial, epilepsy",sEEG during theta tACS,Temporal,Cortex (intracranial),theta,1-2 mA,—,Sinusoidal AC,—,—,Dose-dependent theta enhancement; supports entrainment at clinical doses,https://pubmed.ncbi.nlm.nih.gov/?term=Johnson%202020%20tACS
⚔ ref,Mechanism / validation,Safety guidelines,,Antal,Europe (intl),2017,Clin Neurophysiol,"Low intensity transcranial electric stimulation: safety, ethical, legal and regulatory issues",Consensus / guideline,tES safety consensus,—,—,—,≤4 mA (guideline),—,AC / DC / RN,—,—,Safety and dosing recommendations for low-intensity tES (incl. tACS),https://pubmed.ncbi.nlm.nih.gov/?term=Antal%202017%20tACS
⚔ ref,Mechanism / validation,Review (cognition),,Vosskuhl,Germany,2018,Front Hum Neurosci,Non-invasive brain stimulation: a paradigm shift in understanding brain oscillations,Review,tACS and cognition,—,—,—,—,—,Sinusoidal AC,—,—,Synthesizes tACS oscillation-behavior causal evidence,https://pubmed.ncbi.nlm.nih.gov/?term=Vosskuhl%202018%20tACS
⚔ ref,Mechanism / validation,Review (clinical),,Elyamany,Germany,2021,Eur Arch Psychiatry Clin Neurosci,Transcranial alternating current stimulation (tACS): from basic mechanisms towards first applications in psychiatry,Review,Clinical/psychiatric applications,—,—,—,—,—,Sinusoidal AC,—,—,Reviews mechanistic basis and emerging psychiatric applications,https://pubmed.ncbi.nlm.nih.gov/?term=Elyamany%202021%20tACS
☺,Motor / movement,Beta slows movement,,Pogosyan,UK,2009,Curr Biol,Boosting cortical activity at beta-band frequencies slows movement in humans,"Behavior, healthy",20Hz tACS over M1,C3-mastoid,Motor cortex (M1),20 (beta),1 mA,~16 cm²,Sinusoidal AC,short,1,20Hz tACS slowed voluntary movement — causal role of beta in motor slowing,https://pubmed.ncbi.nlm.nih.gov/?term=Pogosyan%202009%20tACS
☺,Motor / movement,Frequency-specific excitability,,Feurra,Italy,2011,J Neurosci,Frequency-dependent tuning of the human motor system induced by tACS,"Physiology (MEP), healthy",Beta increases MEP amplitude,M1-contralateral orbit,Motor cortex (M1),β (20) vs others,1 mA,~16-35 cm²,Sinusoidal AC,short,1,Beta-band tACS specifically increased corticospinal excitability (MEP),https://pubmed.ncbi.nlm.nih.gov/?term=Feurra%202011%20tACS
☺,Motor / movement,Gamma facilitates / beta slows,,Joundi,UK,2012,Curr Biol,Driving oscillatory activity in the human cortex enhances motor performance,"Behavior, healthy",70Hz gamma vs 20Hz beta,M1-orbit,Motor cortex (M1),70 (γ) / 20 (β),1 mA,~16 cm²,Sinusoidal AC,short,1,Gamma improved and beta slowed movement — frequency-specific motor control,https://pubmed.ncbi.nlm.nih.gov/?term=Joundi%202012%20tACS
☺ (modest),Motor / movement,Motor performance,,Wach,Germany,2013,Behav Brain Res,Effects of 10Hz and 20Hz tACS on motor functions and motor cortical excitability,"Behavior, healthy",10 vs 20Hz,M1-orbit,Motor cortex (M1),10 / 20,1 mA,~35 cm²,Sinusoidal AC,10 min,1,Frequency-dependent effects on tremor/steadiness; modest behavioral change,https://pubmed.ncbi.nlm.nih.gov/?term=Wach%202013%20tACS
☺ (modest),Motor / movement,Gamma motor cortex,,Moisa,Switzerland,2016,J Neurosci,Brain network mechanisms underlying motor enhancement by transcranial gamma tACS,"fMRI, healthy",70Hz gamma M1,M1-orbit,Motor cortex (M1),70 (gamma),1 mA,—,Sinusoidal AC,—,1,Gamma tACS enhanced motor performance; increased M1 BOLD,https://pubmed.ncbi.nlm.nih.gov/?term=Moisa%202016%20tACS
☺ (modest),Motor / movement,Cerebellar tACS,,Miyaguchi,Japan,2018,Front Hum Neurosci,Cerebellar tACS modulates motor performance / cortico-cerebellar interaction,"Behavior, healthy",Cerebellar 50Hz,Cerebellum-buccinator,Cerebellum,50 (gamma),1-2 mA,—,Sinusoidal AC,—,1,Cerebellar gamma tACS modulated motor control,https://pubmed.ncbi.nlm.nih.gov/?term=Miyaguchi%202018%20tACS
☺,Working memory,Frontoparietal theta sync,,Polania,Germany,2012,Curr Biol,The importance of timing in segregated theta phase-coupling for cognitive performance,"Behavior + EEG, healthy",In-phase vs anti-phase theta F-P,F3 & P3 (dual-site),Frontoparietal,6 (theta),1 mA,~16 cm²,"Sinusoidal, in/anti-phase",20 min,1,In-phase theta improved and anti-phase impaired working memory — causal phase-coupling,https://pubmed.ncbi.nlm.nih.gov/?term=Polania%202012%20tACS
☺ (modest),Working memory,Theta L-DLPFC,,Meiron,Israel,2014,Brain Stimul,Prefrontal oscillatory stimulation modulates access to cognitive control references,"Behavior, healthy",Theta left DLPFC,F3-Fp2,Left DLPFC,theta (~5-7),1 mA,~16 cm²,Sinusoidal AC,~15 min,1,Theta tACS improved working-memory access to control processes,https://pubmed.ncbi.nlm.nih.gov/?term=Meiron%202014%20tACS
☺ (modest),Working memory,Theta WM capacity,,Vosskuhl,Germany,2015,Front Hum Neurosci,Increase in short-term memory capacity induced by down-regulating individual theta frequency via tACS,"Behavior + EEG, healthy",Below-individual-theta,parieto-occipital,Parietal,individual theta − 1,1 mA,~16 cm²,Sinusoidal AC,20 min,1,Slowing theta increased digit-span (WM capacity),https://pubmed.ncbi.nlm.nih.gov/?term=Vosskuhl%202015%20tACS
☺,Working memory,Frontoparietal theta (in-phase),,Violante,UK,2017,eLife,Externally induced frontoparietal synchronization modulates network dynamics and enhances working memory performance,"Behavior + fMRI, healthy",In-phase theta F-P,F4 & P4 (dual-site),Frontoparietal,theta (~6),1 mA (each),HD / small,"Sinusoidal, in-phase",—,1,In-phase frontoparietal theta improved working memory and network coupling,https://pubmed.ncbi.nlm.nih.gov/?term=Violante%202017%20tACS
☺,Working memory,Theta-gamma coupling,,Alekseichuk,Germany,2016,Curr Biol,Spatial working memory in humans depends on theta and high gamma synchronization in the prefrontal cortex,"Behavior + EEG, healthy",Theta-nested gamma waveform,left PFC (HD),Left prefrontal,theta 6 + gamma 80-100,~0.3-0.5 mA,HD ring,Cross-frequency (θ-γ),—,1,Gamma bursts on theta peak improved spatial WM — causal cross-frequency coupling,https://pubmed.ncbi.nlm.nih.gov/?term=Alekseichuk%202016%20tACS
☺,Working memory,Theta frontotemporal (older adults),,Reinhart & Nguyen,USA,2019,Nat Neurosci,Working memory revived in older adults by synchronizing rhythmic brain circuits,"Behavior + EEG, older adults","Individualized theta, frontotemporal HD","F & T (HD, dual-site)",Frontotemporal,individual theta,—,HD ring,"Sinusoidal, phase-tuned",25 min,1,Restored WM in 60-76 yr to young-adult level; effect outlasted ~50 min (landmark),https://pubmed.ncbi.nlm.nih.gov/?term=Reinhart%20Nguyen%202019%20tACS
☺,Working memory / LTM,Repetitive HD-tACS (older adults),,Grover,USA,2022,Nat Neurosci,"Long-lasting, dissociable improvements in working memory and long-term memory in older adults with repetitive neuromodulation","RCT, older adults",4-day repetitive HD-tACS,parietal / prefrontal (HD),Parietal & prefrontal,theta (parietal WM) / gamma (PFC LTM),—,HD ring,Sinusoidal AC,20 min/day,4 (+1 mo follow-up),"Parietal-theta improved WM, prefrontal-gamma improved LTM; lasted 1 month (landmark)",https://pubmed.ncbi.nlm.nih.gov/?term=Grover%202022%20tACS
☺ (modest),Working memory,Gamma prefrontal/parietal,,Tseng,Taiwan,2018,Sci Rep,Frequency-specific enhancement of memory by parietal gamma tACS,"Behavior + EEG, healthy",Parietal gamma,P3/P4,Parietal,gamma (~40),1-2 mA,~16 cm²,Sinusoidal AC,—,1,Gamma tACS improved visual short-term memory precision,https://pubmed.ncbi.nlm.nih.gov/?term=Tseng%202018%20tACS
☹,Working memory,Theta null replication,,Klink / Veniero,Germany / UK,2020,Front Hum Neurosci,Failure to modulate working memory with frontoparietal theta tACS (replication attempt),"RCT, healthy",No effect,F-P,Frontoparietal,theta,1 mA,~16 cm²,Sinusoidal AC,—,1,No significant WM benefit — replication failure (valid negative),https://pubmed.ncbi.nlm.nih.gov/?term=Klink%20Veniero%202020%20tACS
☺,Cognition – intelligence,Gamma fluid intelligence,,Santarnecchi,Italy,2013,Curr Biol,Frequency-dependent enhancement of fluid intelligence induced by tACS,"Behavior, healthy",40Hz gamma left middle frontal,F3-Cz,Left prefrontal,40 (gamma),1 mA,~16 cm²,Sinusoidal AC,—,1,Gamma tACS specifically improved logical (fluid) reasoning speed,https://pubmed.ncbi.nlm.nih.gov/?term=Santarnecchi%202013%20tACS
☺ (modest),Cognition – decision,Theta risk-taking,,Sela,Israel,2012,Front Neurosci,Transcranial alternating current stimulation increases risk-taking behavior in the Balloon Analog Risk Task,"Behavior, healthy",Theta left frontal,left frontal,Left prefrontal,6.5 (theta),1 mA,~16 cm²,Sinusoidal AC,—,1,Left-frontal theta tACS increased risk-taking; hemispheric asymmetry,https://pubmed.ncbi.nlm.nih.gov/?term=Sela%202012%20tACS
☺ (modest),Cognition – learning,Theta reinforcement learning,,Wischnewski,Netherlands,2016,Brain Stimul,Effects of theta tACS on reinforcement learning,"Behavior, healthy",Theta frontal,F3/F4,Medial/left frontal,theta,1 mA,~16 cm²,Sinusoidal AC,—,1,Theta tACS modulated reward-based learning,https://pubmed.ncbi.nlm.nih.gov/?term=Wischnewski%202016%20tACS
☺,Attention / perception,Alpha entrainment + detection,,Helfrich,Germany,2014,Curr Biol,Entrainment of brain oscillations by transcranial alternating current stimulation,"EEG + behavior, healthy",10Hz parieto-occipital,Cz-Oz,Parieto-occipital,10 (alpha),1 mA,~16 cm²,Sinusoidal AC,—,1,Direct EEG evidence of alpha entrainment; modulated visual target detection,https://pubmed.ncbi.nlm.nih.gov/?term=Helfrich%202014%20tACS
☺ (modest),Attention / perception,State-dependent alpha,,Neuling,Germany,2013,Front Hum Neurosci,Orchestrating neuronal networks: sustained after-effects of tACS depend upon brain states,"EEG, healthy",Eyes open vs closed,Cz-Oz,Occipital,10 (alpha),1 mA,~16 cm²,Sinusoidal AC,20 min,1,Alpha aftereffects depend on ongoing brain state (eyes open > closed),https://pubmed.ncbi.nlm.nih.gov/?term=Neuling%202013%20tACS
☺,Attention / perception,Long alpha aftereffect,,Kasten,Germany,2016,Nat Commun,Integrating electric field modeling and neuroimaging to explain inter-individual variability of tACS effects,"EEG, healthy",Alpha aftereffect >30 min,Cz-Oz,Parieto-occipital,individual alpha,1 mA,~16 cm²,Sinusoidal AC,20 min,1,Alpha power enhancement persisted ≥30 min; variability tied to field strength,https://pubmed.ncbi.nlm.nih.gov/?term=Kasten%202016%20tACS
☺ (modest),Attention / perception,Entrainment vs plasticity,,Vossen,Germany / UK,2015,Brain Stimul,Alpha power increase after transcranial alternating current stimulation at alpha frequency reflects plastic changes,"EEG, healthy",Intermittent alpha tACS,Cz-Oz,Occipital,individual alpha,1 mA,~16 cm²,Sinusoidal (intermittent),—,1,Aftereffect reflects plasticity (not just online entrainment),https://pubmed.ncbi.nlm.nih.gov/?term=Vossen%202015%20tACS
☺,Perception,Alpha frequency sets integration window,,Cecere,UK / Italy,2015,Curr Biol,Individual differences in alpha frequency drive crossmodal illusory perception,"Behavior + tACS, healthy",α±2 Hz,occipital,Occipital / parietal,individual alpha ±2,1 mA,~16 cm²,Sinusoidal AC,—,1,tACS shifting alpha frequency changed the audiovisual (sound-flash) integration window,https://pubmed.ncbi.nlm.nih.gov/?term=Cecere%202015%20tACS
☺ (modest),Perception – auditory,Theta speech-in-noise,,Riecke,Netherlands,2018,J Neurosci,Neural entrainment to speech modulates speech intelligibility,"Behavior + tACS, healthy",Speech-envelope tACS,temporal,Auditory cortex,~4 (speech rate),1 mA,~16 cm²,Envelope-shaped AC,—,1,Phase of speech-locked tACS modulated intelligibility,https://pubmed.ncbi.nlm.nih.gov/?term=Riecke%202018%20tACS
☺ (modest),Perception – bistable,Gamma interhemispheric,,Strüber,Germany,2014,Brain Topogr,Antiphasic 40Hz tACS modulates bistable motion perception,"Behavior, healthy",40Hz in/anti-phase bilateral,bilateral parietal,Parietal (V5/MT),40 (gamma),~1 mA,~16 cm²,"Sinusoidal, in/anti-phase",—,1,Antiphase gamma tACS altered bistable motion perception,https://pubmed.ncbi.nlm.nih.gov/?term=Str%C3%BCber%202014%20tACS
⚔ ref,Sleep / consolidation,Foundational (slow-oscillation),,Marshall,Germany,2006,Nature,Boosting slow oscillations during sleep potentiates memory,"RCT, healthy",0.75Hz oscillating stimulation in SWS,bilateral frontal,Prefrontal,0.75 (slow osc.),~0.26 mA (oscillating),~16 cm²,Oscillating DC,5×5 min,1 (nap/night),Slow-oscillation stimulation during sleep enhanced declarative memory (precursor to sleep tACS),https://pubmed.ncbi.nlm.nih.gov/?term=Marshall%202006%20tACS
☺,Sleep / consolidation,Theta/SO tACS during sleep,,Ketz,USA,2018,J Neurosci,Closed-loop slow-oscillation tACS improves sleep-dependent long-term memory,"Behavior + EEG, healthy",SO-phase-matched tACS in sleep,frontal,Prefrontal,~0.75 (SO),1.5 mA,~16 cm²,"Sinusoidal, SO-locked",—,1 (nap),SO-locked tACS enhanced sleep spindles and memory consolidation,https://pubmed.ncbi.nlm.nih.gov/?term=Ketz%202018%20tACS
☺ (modest),Sleep / consolidation,Spindle-band tACS,,Lustenberger,USA / Switzerland,2016,Curr Biol,Feedback-controlled transcranial alternating current stimulation reveals a functional role of sleep spindles in motor memory consolidation,"Behavior + EEG, healthy",12Hz spindle tACS in NREM,central,Sensorimotor,12 (spindle),—,~16 cm²,"Sinusoidal, closed-loop",—,1 (nap),Spindle-frequency tACS boosted spindles and motor memory,https://pubmed.ncbi.nlm.nih.gov/?term=Lustenberger%202016%20tACS
☺,Consciousness / dreaming,Gamma lucid dreaming,,Voss,Germany,2014,Nat Neurosci,Induction of self awareness in dreams through frontal low current stimulation of gamma activity,"RCT, healthy",25/40Hz during REM,frontotemporal,Frontal,40 (and 25),≤0.5 mA,~16 cm²,Sinusoidal AC,30 s bursts,1 (during REM),40Hz tACS during REM induced lucid-dream self-awareness,https://pubmed.ncbi.nlm.nih.gov/?term=Voss%202014%20tACS
☺ (modest),Depression (MDD),Alpha tACS RCT,,Alexander,USA (UNC),2019,Transl Psychiatry,"Double-blind, randomized pilot clinical trial targeting alpha oscillations with tACS for major depressive disorder","RCT pilot, n=32","10Hz alpha, left DLPFC-focused",F3-F4 / bifrontal,Prefrontal (alpha network),10 (alpha),2 mA,~16 cm²,Sinusoidal AC,40 min,5 (daily),Alpha tACS reduced alpha over left frontal; higher remission at follow-up vs sham,https://pubmed.ncbi.nlm.nih.gov/?term=Alexander%202019%20tACS
☺ (modest),Depression (MDD),Alpha tACS mechanism,,Riddle,USA (UNC),2020,Transl Psychiatry,Brain-derived neurotrophic factor / alpha tACS in depression (mechanism),Mechanistic RCT,Alpha network engagement,bifrontal,Prefrontal,10 (alpha),2 mA,~16 cm²,Sinusoidal AC,40 min,5,Engaged alpha network; supports target engagement in MDD,https://pubmed.ncbi.nlm.nih.gov/?term=Riddle%202020%20tACS
☺ (modest),Depression (MDD),tACS RCT (large),,Wang,China,2022,Transl Psychiatry / J Affect Disord,Transcranial alternating current stimulation for the treatment of major depressive disorder: randomized trial,RCT,77.5Hz forehead-mastoid montage,forehead-mastoids,Prefrontal / global,77.5,15 mA (scalp),large pads,Sinusoidal AC,40 min,20,Reduced depression scores vs sham in larger RCT,https://pubmed.ncbi.nlm.nih.gov/?term=Wang%202022%20tACS
☺ (modest),Schizophrenia,Auditory hallucinations (alpha),,Mellin,USA (UNC),2018,Eur Psychiatry,Randomized trial of transcranial alternating current stimulation for treatment of auditory hallucinations in schizophrenia,RCT pilot,"10Hz alpha, fronto-temporal",F3 & T3 (dual),Left frontotemporal,10 (alpha),2 mA,~16 cm²,Sinusoidal AC,20 min,5 (daily),Trend to reduced auditory hallucinations; alpha modulation,https://pubmed.ncbi.nlm.nih.gov/?term=Mellin%202018%20tACS
☺ (modest),Schizophrenia,Alpha / symptoms,,Ahn,USA (UNC),2019,Schizophr Res,Targeting reduced neural oscillations in schizophrenia with alpha tACS,RCT pilot,Individual alpha,bifrontal,Prefrontal,individual alpha,2 mA,~16 cm²,Sinusoidal AC,—,daily,Increased alpha power; modest symptom change,https://pubmed.ncbi.nlm.nih.gov/?term=Ahn%202019%20tACS
☺,Parkinson's disease,Phase-cancellation of tremor,,Brittain,UK,2013,Curr Biol,Tremor suppression by rhythmic transcranial current stimulation,"Physiology, PD",Tremor-phase-locked M1 tACS,M1-contralateral,Motor cortex (M1),tremor freq (~4-6),≤2 mA,~16 cm²,"Sinusoidal, phase-locked",short,1,Phase-locked tACS suppressed resting tremor ~50% via phase cancellation,https://pubmed.ncbi.nlm.nih.gov/?term=Brittain%202013%20tACS
☺ (modest),Parkinson's disease,Beta tACS,,Krause,Germany,2014,Front Hum Neurosci,Transcranial alternating current stimulation over the motor cortex in Parkinson's disease,"Physiology, PD",Beta / gamma M1,M1-orbit,Motor cortex (M1),β (20) / γ,1 mA,~16-35 cm²,Sinusoidal AC,—,1,Beta tACS worsened and gamma improved bradykinesia measures (frequency-specific),https://pubmed.ncbi.nlm.nih.gov/?term=Krause%202014%20tACS
☺ (modest),Parkinson's disease,Individualized tACS,,Del Felice,Italy,2019,Brain Stimul,Personalized tACS in Parkinson's disease: a randomized crossover trial,RCT crossover,EEG-individualized frequency,sensorimotor,Sensorimotor,individualized,1-2 mA,—,Sinusoidal AC,—,multiple,Personalized tACS improved motor/cognitive measures vs sham,https://pubmed.ncbi.nlm.nih.gov/?term=Del%20Felice%202019%20tACS
☺,Essential tremor,Phase-locked cerebellar tACS,,Schreglmann,UK / Switzerland,2021,Nat Commun,Non-invasive suppression of essential tremor via phase-locked disruption of its temporal coherence,"Physiology, ET",Real-time tremor-phase tracking (ecHT),cerebellum,Cerebellum,tremor freq,≤2 mA,—,"Sinusoidal, phase-locked",short,1,Phase-locked cerebellar tACS transiently suppressed essential tremor,https://pubmed.ncbi.nlm.nih.gov/?term=Schreglmann%202021%20tACS
☺ (modest),Tinnitus,Alpha / individual-frequency tACS,,Vanneste,Belgium,2013,Exp Brain Res,The effect of transcranial alternating current stimulation on tinnitus,RCT / crossover,10Hz vs other frequencies,auditory cortex,Auditory cortex,10 (alpha),1-2 mA,~16 cm²,Sinusoidal AC,—,1,Alpha tACS modestly reduced tinnitus loudness in subset,https://pubmed.ncbi.nlm.nih.gov/?term=Vanneste%202013%20tACS
☹,Tinnitus,tACS null,,Claes,Belgium,2014,PLoS One,Auditory cortex tACS and tRNS for tinnitus: randomized crossover,RCT crossover,Multiple frequencies,auditory cortex,Auditory cortex,various,2 mA,~16 cm²,AC / random noise,—,1,No consistent tinnitus reduction across frequencies (valid negative),https://pubmed.ncbi.nlm.nih.gov/?term=Claes%202014%20tACS
☺ (modest),Alzheimer's disease,40Hz gamma tACS (CBF),,Sprugnoli,USA / Italy,2021,Alzheimers Res Ther,Impact of multisession 40Hz tACS on hippocampal perfusion in patients with Alzheimer's disease,"Open-label, AD",40Hz temporal gamma,temporal,Temporal / hippocampal,40 (gamma),2-3 mA,HD / pads,Sinusoidal AC,60 min,14-20,Increased hippocampal cerebral blood flow; feasible and safe,https://pubmed.ncbi.nlm.nih.gov/?term=Sprugnoli%202021%20tACS
☺ (modest),Alzheimer's disease,Gamma tACS cognition,,Benussi,Italy,2021,Brain Stimul,Exposure to gamma tACS in Alzheimer's disease: a randomized trial,RCT crossover,40Hz temporoparietal,temporoparietal,Temporoparietal,40 (gamma),2-3 mA,—,Sinusoidal AC,60 min,multiple,Improved episodic memory; increased cholinergic transmission markers,https://pubmed.ncbi.nlm.nih.gov/?term=Benussi%202021%20tACS
☺ (modest),Alzheimer's disease,Gamma tACS (amyloid/tau),,Dhaynaut,USA,2022,J Alzheimers Dis,Chronic modulation of gamma oscillations with tACS in Alzheimer's disease: effect on tau,"Pilot, AD","40Hz gamma, chronic",temporal,Temporal,40 (gamma),—,—,Sinusoidal AC,60 min,daily x weeks,Suggestive reduction in tau PET signal in stimulated regions (pilot),https://pubmed.ncbi.nlm.nih.gov/?term=Dhaynaut%202022%20tACS
☺ (modest),Cognition – MCI,Personalized memory network tACS,,Bréchet,USA,2021,Brain Stimul / Front Aging Neurosci,Personalized gamma tACS of the precuneus/memory network to improve episodic memory,Pilot,Individualized network target,precuneus (HD),Precuneus / DMN,gamma,—,HD ring,Sinusoidal AC,—,multiple,Improved episodic memory in older adults/MCI (pilot),https://pubmed.ncbi.nlm.nih.gov/?term=Br%C3%A9chet%202021%20tACS
☺ (modest),Fibromyalgia,Alpha somatosensory tACS,,Ahn,USA,2019,Brain Stimul,Identifying and engaging neuronal oscillations by tACS in patients with chronic low back / fibromyalgia pain,RCT pilot,Alpha somatosensory,somatosensory (S1),Somatosensory cortex,10 (alpha),1-2 mA,~16 cm²,Sinusoidal AC,20-40 min,multiple,Alpha tACS engaged sensorimotor alpha; reduced pain in subset (pilot),https://pubmed.ncbi.nlm.nih.gov/?term=Ahn%202019%20tACS
☺ (modest),Chronic pain,Alpha tACS somatosensory,,Arendsen,UK,2018,J Pain,Transcranial alternating current stimulation at alpha frequency reduces pain,"Behavior, healthy/patients",Alpha over somatosensory,S1/parietal,Somatosensory cortex,10 (alpha),1 mA,~16 cm²,Sinusoidal AC,—,1,Alpha tACS reduced experimentally induced pain ratings,https://pubmed.ncbi.nlm.nih.gov/?term=Arendsen%202018%20tACS
☺ (modest),Stroke – motor,Beta tACS + rehab,,Naros,Germany,2017,J Neurosci / Neuroimage,Reinforcement learning of self-regulated beta oscillations with tACS for stroke recovery,"Physiology, stroke",Beta sensorimotor,sensorimotor,Sensorimotor cortex,beta (~20),1 mA,—,Sinusoidal AC,—,multiple,Beta tACS modulated sensorimotor rhythm relevant to motor recovery,https://pubmed.ncbi.nlm.nih.gov/?term=Naros%202017%20tACS
☺ (modest),Stroke – motor,tACS motor recovery,,Wu,China,2020,Clin Neurophysiol / Front Neurol,Transcranial alternating current stimulation for upper-limb motor recovery after stroke,RCT pilot,Ipsilesional sensorimotor,sensorimotor,Sensorimotor cortex,band-specific,1-2 mA,—,Sinusoidal AC,20 min,multiple,Modest improvement in upper-limb motor function vs sham (pilot),https://pubmed.ncbi.nlm.nih.gov/?term=Wu%202020%20tACS
☺,Temporal interference (TI),"Foundational (deep, mouse)",,Grossman,USA (MIT),2017,Cell,Noninvasive deep brain stimulation via temporally interfering electric fields,"Animal, mouse","Two high-freq carriers, low-freq envelope",multi-pair scalp,Deep structures (hippocampus),"kHz carriers, low-freq beat",—,—,Temporal interference AC,—,—,Envelope of interfering kHz fields stimulates deep targets without cortex — new deep-tACS paradigm,https://pubmed.ncbi.nlm.nih.gov/?term=Grossman%202017%20tACS
☺,Temporal interference (TI),Human hippocampus,,Violante,UK,2023,Nat Neurosci,Non-invasive temporal interference electrical stimulation of the human hippocampus,"Human, healthy",TI targeting hippocampus,multi-pair scalp,Hippocampus,"kHz carriers, θ beat",—,—,Temporal interference AC,—,multiple,TI modulated hippocampal activity and memory in humans (first human hippocampal TI),https://pubmed.ncbi.nlm.nih.gov/?term=Violante%202023%20tACS
☺,tRNS (related variant),Foundational tRNS,,Terney,Germany,2008,J Neurosci,Increasing human brain excitability by transcranial high-frequency random noise stimulation,"Physiology, healthy",High-frequency random noise,M1-orbit,Motor cortex (M1),0.1-640 (random),1 mA,~16 cm²,Random noise (AC),10 min,1,hf-tRNS increased cortical excitability (related AC variant),https://pubmed.ncbi.nlm.nih.gov/?term=Terney%202008%20tACS
☺ (modest),tRNS (related variant),Learning enhancement,,Cappelletti,UK,2013,J Neurosci,tRNS over parietal cortex enhances numerical learning,"RCT, healthy",Parietal tRNS + training,bilateral parietal,Parietal,random noise,1 mA,~16 cm²,Random noise (AC),—,5 (days),tRNS + training improved and sustained numerical learning,https://pubmed.ncbi.nlm.nih.gov/?term=Cappelletti%202013%20tACS
⚔ ref,Methodology,tES mechanisms review,,Fertonani & Miniussi,Italy,2017,Neuroscientist,Transcranial electrical stimulation: what we know and do not know about mechanisms,Review,Mechanistic synthesis,—,—,—,—,—,AC / DC / RN,—,—,Reviews online/offline mechanisms of tES including tACS,https://pubmed.ncbi.nlm.nih.gov/?term=Fertonani%20Miniussi%202017%20tACS
⚔ ref,Methodology,Technical guide,,Woods,USA,2016,Clin Neurophysiol,"A technical guide to tDCS, and related non-invasive brain stimulation tools",Guide,Technical/methods standard,—,—,—,—,—,AC / DC,—,—,Standard methods/reporting guidance for tES incl. tACS,https://pubmed.ncbi.nlm.nih.gov/?term=Woods%202016%20tACS
⚔ ref,Methodology,tACS review,,Tavakoli & Yun,Canada,2017,Front Cell Neurosci,Transcranial alternating current stimulation (tACS) mechanisms and protocols,Review,Protocol reference,—,—,—,—,—,Sinusoidal AC,—,—,Comprehensive review of tACS mechanisms and study protocols,https://pubmed.ncbi.nlm.nih.gov/?term=Tavakoli%20Yun%202017%20tACS
☺,Mechanism / validation,Endogenous field feedback (animal),,Fröhlich & McCormick,USA,2010,Neuron,Endogenous electric fields may guide neocortical network activity,Animal / in vitro,Weak fields feed back on network,—,Neocortex (ferret),slow-osc,weak fields,—,Sinusoidal / field,—,—,Weak endogenous-scale fields entrain network activity — biophysical basis for tACS,https://pubmed.ncbi.nlm.nih.gov/?term=Fr%C3%B6hlich%20McCormick%202010%20tACS
☺,Mechanism / validation,Transcranial AC entrains (rat),,Ozen,Hungary / USA,2010,J Neurosci,Transcranial electric stimulation entrains cortical neuronal populations in rats,"Animal, rat",Intracellular + field,—,Cortex (rat),0.8-1.7 (slow),field-dependent,—,Sinusoidal AC,—,—,Transcranial AC phase-entrains neuronal spiking in vivo,https://pubmed.ncbi.nlm.nih.gov/?term=Ozen%202010%20tACS
☺,Mechanism / validation,Network modulation (model+slice),,Reato,USA,2010,J Neurosci,Low-intensity electrical stimulation affects network dynamics by modulating population firing rate,Modeling + slice,Gamma network,—,Cortical network,gamma,weak,—,Sinusoidal AC,—,—,Weak AC fields modulate ongoing gamma via firing-rate changes,https://pubmed.ncbi.nlm.nih.gov/?term=Reato%202010%20tACS
☺,Mechanism / validation,Intracranial field measurement,,Opitz,USA / Germany,2016,Sci Rep,Spatiotemporal structure of intracranial electric fields induced by tES in humans and nonhuman primates,Intracranial,Measured fields,multi,Cortex,—,1-2 mA,—,AC / DC,—,—,Directly measured tES field magnitude/orientation intracranially,https://pubmed.ncbi.nlm.nih.gov/?term=Opitz%202016%20tACS
☺,Mechanism / validation,In vivo field measurement (human),,Huang,USA,2017,eLife,Measurements and models of electric fields in the in vivo human brain during transcranial electric stimulation,"Intracranial, epilepsy",Validated field models,multi,Cortex,—,1-2 mA,—,AC / DC,—,—,Provided empirical field magnitudes (~0.2-0.5 V/m per mA) to calibrate models,https://pubmed.ncbi.nlm.nih.gov/?term=Huang%202017%20tACS
☹,Mechanism / validation,Peripheral co-stimulation confound,,Asamoah,Belgium,2019,Nat Commun,tACS motor system effects can be caused by transcutaneous stimulation of peripheral nerves,"Physiology, healthy",Peripheral nerve confound,scalp,Scalp / peripheral nerves,band-specific,1-2 mA,—,Sinusoidal AC,—,—,"Some tACS effects mediated by scalp/peripheral-nerve stimulation, not cortex (valid caution)",https://pubmed.ncbi.nlm.nih.gov/?term=Asamoah%202019%20tACS
☹,Mechanism / validation,Retinal phosphene confound,,Kar & Krekelberg,USA,2012,J Neurophysiol,Transcranial alternating current stimulation attenuates visual motion adaptation,"Behavior, healthy",Retinal contribution,occipital,Retina / visual cortex,10-40,1 mA,~16 cm²,Sinusoidal AC,—,1,Highlights retinal phosphene/entrainment confound in occipital tACS (valid caution),https://pubmed.ncbi.nlm.nih.gov/?term=Kar%20Krekelberg%202012%20tACS
⚔ ref,Mechanism / validation,tACS-EEG artifact,,Noury,Germany,2016,Neuroimage,Physiological processes non-linearly affect electrophysiological recordings during tACS,Methods,Artifact contamination,—,—,—,1-2 mA,—,Sinusoidal AC,—,—,Cautions that heartbeat/respiration artifacts mimic entrainment in tACS-EEG,https://pubmed.ncbi.nlm.nih.gov/?term=Noury%202016%20tACS
⚔ ref,Mechanism / validation,Entrainment concept,,Thut,UK,2011,Front Psychol,Rhythmic TMS causes local entrainment of natural oscillatory signatures,Review / concept,Entrainment framework,—,—,—,—,—,rhythmic stimulation,—,—,Framed the entrainment hypothesis underlying rhythmic stimulation (incl. tACS),https://pubmed.ncbi.nlm.nih.gov/?term=Thut%202011%20tACS
⚔ ref,Mechanism / validation,tACS / tRNS review,,Antal & Herrmann,Germany,2016,Neural Plast,Transcranial alternating current and random noise stimulation: possible mechanisms,Review,Mechanistic review,—,—,—,—,—,AC / RN,—,—,Reviews entrainment and neuroplastic mechanisms of tACS/tRNS,https://pubmed.ncbi.nlm.nih.gov/?term=Antal%20Herrmann%202016%20tACS
☺ (modest),Motor / movement,Beta-gamma interaction,,Guerra,Italy,2016,Cereb Cortex,Boosting the LTP-like plasticity effect of intermittent theta-burst stimulation using gamma tACS,"Physiology, healthy",Gamma tACS + iTBS,M1-orbit,Motor cortex (M1),gamma (~75),1-2 mA,~35 cm²,Sinusoidal AC,short,1,Gamma tACS enhanced M1 plasticity induction,https://pubmed.ncbi.nlm.nih.gov/?term=Guerra%202016%20tACS
☺ (modest),Motor / movement,Beta plasticity timing,,Guerra,Italy,2018,J Physiol,Phase dependency of the human primary motor cortex response to beta tACS,"Physiology, healthy",Phase-dependent MEP,M1-orbit,Motor cortex (M1),beta (~20),1 mA,~35 cm²,"Sinusoidal, phase-defined",short,1,M1 corticospinal response depends on beta-tACS phase,https://pubmed.ncbi.nlm.nih.gov/?term=Guerra%202018%20tACS
☺ (modest),Motor / movement,Gamma motor learning,,Nowak,UK,2017,J Neurosci,Driving human motor cortical oscillations leads to behaviorally relevant changes in local GABA-A inhibition,"Physiology, healthy",Gamma tACS + GABA (MRS),M1-orbit,Motor cortex (M1),gamma (~75),1 mA,~16 cm²,Sinusoidal AC,—,1,Gamma tACS reduced GABA-A inhibition and improved motor learning,https://pubmed.ncbi.nlm.nih.gov/?term=Nowak%202017%20tACS
☺ (modest),Motor / movement,10Hz bimanual coordination,,Pollok,Germany,2015,Eur J Neurosci,The effect of tACS on motor coordination,"Behavior, healthy",10Hz sensorimotor,sensorimotor,Sensorimotor cortex,10 (alpha/mu),1 mA,~35 cm²,Sinusoidal AC,10 min,1,10Hz tACS modulated bimanual coordination,https://pubmed.ncbi.nlm.nih.gov/?term=Pollok%202015%20tACS
☺ (modest),Motor / movement,Gamma dyskinesia (PD),,Bologna,Italy,2019,Mov Disord,Effects of gamma tACS on levodopa-induced dyskinesia in Parkinson disease,"Physiology, PD",Gamma M1,M1-orbit,Motor cortex (M1),gamma (~60),2 mA,~35 cm²,Sinusoidal AC,—,1,Gamma tACS modulated dyskinesia expression,https://pubmed.ncbi.nlm.nih.gov/?term=Bologna%202019%20tACS
☺ (modest),Working memory,Theta/gamma WM,,Jausovec,Slovenia,2014,Neurosci Lett,Increasing working memory capacity with theta transcranial alternating current stimulation,"Behavior + EEG, healthy",Theta parietal,P3/P4,Parietal,theta (~5),1 mA,~16 cm²,Sinusoidal AC,15 min,1,Theta tACS increased working-memory capacity,https://pubmed.ncbi.nlm.nih.gov/?term=Jausovec%202014%20tACS
☺,Working memory,Theta frequency sets capacity,,Wolinski,UK,2018,PLoS Biol,The speed of parietal theta frequency drives visuospatial working memory capacity,"Behavior, healthy",4 vs 7 Hz parietal,P3/P4,Parietal,4 vs 7 (theta),1 mA,~16 cm²,Sinusoidal AC,—,1,Slower parietal theta increased and faster decreased WM capacity — causal,https://pubmed.ncbi.nlm.nih.gov/?term=Wolinski%202018%20tACS
☺ (modest),Working memory,Gamma WM,,Hoy,Australia,2015,Neuropsychologia,The effect of gamma tACS on working memory performance in healthy individuals,"Behavior, healthy",40Hz prefrontal,F3-F4,Prefrontal,40 (gamma),1-2 mA,~35 cm²,Sinusoidal AC,20 min,1,Gamma tACS improved n-back performance (dose/frequency-dependent),https://pubmed.ncbi.nlm.nih.gov/?term=Hoy%202015%20tACS
☺ (modest),Working memory,Theta/gamma WM (older),,Pahor & Jausovec,Slovenia,2018,Int J Psychophysiol,Theta/gamma tACS and working memory in older adults,"Behavior + EEG, older adults",Theta/gamma parietal,parietal,Parietal,theta / gamma,1 mA,~16 cm²,Sinusoidal AC,15-20 min,1,Frequency-specific WM improvement in older adults,https://pubmed.ncbi.nlm.nih.gov/?term=Pahor%20Jausovec%202018%20tACS
⚔ ref,Working memory,Review (tACS cognition),,Klink,Germany,2020,Front Psychol,The modulation of cognitive performance with transcranial alternating current stimulation: a systematic review,Systematic review,Effect heterogeneity,—,DLPFC / parietal,various,—,—,Sinusoidal AC,—,—,"Reviews mixed evidence; theta/gamma most promising, replication issues noted",https://pubmed.ncbi.nlm.nih.gov/?term=Klink%202020%20tACS
☺ (modest),Attention / perception,Occipital alpha,,Ruhnau,Austria,2016,Sci Rep,Eyes wide shut: transcranial alternating current stimulation drives alpha rhythm in a state dependent manner,"EEG, healthy",Alpha occipital,occipital,Occipital,10 (alpha),1 mA,~16 cm²,Sinusoidal AC,—,1,Alpha tACS drove occipital alpha most when endogenous alpha low,https://pubmed.ncbi.nlm.nih.gov/?term=Ruhnau%202016%20tACS
☺ (modest),Attention / perception,Alpha and attention,,Fusco,Italy,2018,Neuropsychologia,Alpha tACS over parietal cortex modulates visuospatial attention,"Behavior, healthy",Alpha parietal,parietal,Parietal,10 (alpha),1 mA,~16 cm²,Sinusoidal AC,—,1,Alpha tACS shifted visuospatial attention bias,https://pubmed.ncbi.nlm.nih.gov/?term=Fusco%202018%20tACS
☹,Attention / perception,Alpha attention null,,Clayton,UK,2018,J Cogn Neurosci,The effects of 10Hz transcranial alternating current stimulation on sustained attention,"RCT, healthy",No behavioral effect,occipito-parietal,Occipito-parietal,10 (alpha),1 mA,~16 cm²,Sinusoidal AC,—,1,No reliable effect on sustained attention despite alpha target (valid negative),https://pubmed.ncbi.nlm.nih.gov/?term=Clayton%202018%20tACS
☺ (modest),Attention / perception,Alpha frontoparietal attention,,van Schouwenburg,Netherlands,2017,J Cogn Neurosci,Spatial attention and the effects of frontoparietal alpha band stimulation,"Behavior + fMRI, healthy",Alpha frontoparietal,F-P,Frontoparietal,10 (alpha),1 mA,~16 cm²,Sinusoidal AC,—,1,Frontoparietal alpha tACS modulated attentional allocation,https://pubmed.ncbi.nlm.nih.gov/?term=van%20Schouwenburg%202017%20tACS
☺ (modest),Perception,Gamma motion perception,,Battaglini,Italy,2020,Sci Rep,Gamma tACS over V5 modulates motion perception,"Behavior, healthy",40Hz over V5,V5/MT,Visual motion area (V5),40 (gamma),1.5 mA,~16 cm²,Sinusoidal AC,—,1,Gamma tACS over V5 improved motion detection,https://pubmed.ncbi.nlm.nih.gov/?term=Battaglini%202020%20tACS
☺ (modest),Perception,40Hz visual phase,,Chander,Germany,2016,Front Hum Neurosci,tACS phase modulates visual perception,"Behavior, healthy",40Hz occipital,occipital,Visual cortex,40 (gamma),1 mA,~16 cm²,"Sinusoidal, phase-defined",—,1,Perceptual detection varied with gamma-tACS phase,https://pubmed.ncbi.nlm.nih.gov/?term=Chander%202016%20tACS
☺ (modest),Sleep / consolidation,Slow-oscillation tACS,,Robinson,USA,2018,Front Hum Neurosci,Slow-oscillation tACS during sleep and memory,"Behavior + EEG, healthy",SO tACS during NREM,frontal,Prefrontal,~0.75 (SO),—,~16 cm²,"Sinusoidal, SO-band",—,1 (nap),SO-band tACS modulated slow oscillations and memory retention,https://pubmed.ncbi.nlm.nih.gov/?term=Robinson%202018%20tACS
☺ (modest),Sleep / consolidation,Theta sleep memory,,Jones,USA,2018,Neurobiol Learn Mem,Theta tACS during sleep and emotional memory,"Behavior + EEG, healthy",Theta during sleep,frontal,Prefrontal,theta,—,~16 cm²,Sinusoidal AC,—,1 (nap),Theta tACS during sleep modulated emotional memory consolidation,https://pubmed.ncbi.nlm.nih.gov/?term=Jones%202018%20tACS
☺ (modest),Depression / bipolar,Alpha tACS,,Haller,USA (UNC),2020,Brain Stimul,Alpha tACS in bipolar depression: target engagement pilot,Pilot,Alpha network,bifrontal,Prefrontal,10 (alpha),2 mA,~16 cm²,Sinusoidal AC,40 min,multiple,Engaged alpha; feasible in bipolar depression (pilot),https://pubmed.ncbi.nlm.nih.gov/?term=Haller%202020%20tACS
☺ (modest),Schizophrenia,Gamma tACS,,Sreeraj,India,2019,Asian J Psychiatr,Gamma tACS for persistent symptoms in schizophrenia: case series,Case series,40Hz,fronto-temporal,Frontotemporal,40 (gamma),1-2 mA,~16 cm²,Sinusoidal AC,20 min,multiple,Suggestive symptom improvement with gamma tACS (preliminary),https://pubmed.ncbi.nlm.nih.gov/?term=Sreeraj%202019%20tACS
☺ (modest),Schizophrenia,Combined tACS+tDCS AVH,,Kallel,France,2016,Neurophysiol Clin,Combined tDCS and tACS for auditory verbal hallucinations in schizophrenia,Case series,Alpha tACS + tDCS,fronto-temporal,Left frontotemporal,10 (alpha),1-2 mA,~35 cm²,Sinusoidal AC + DC,20 min,multiple,Reduced hallucinations in treatment-resistant cases (preliminary),https://pubmed.ncbi.nlm.nih.gov/?term=Kallel%202016%20tACS
☺ (modest),Parkinson's disease,Beta-gamma cross-frequency,,Guerra,Italy,2020,Mov Disord,Driving motor cortex oscillations modulates bradykinesia in Parkinson's disease,"Physiology, PD",Beta vs gamma M1,M1-orbit,Motor cortex (M1),β (20) / γ (70),2 mA,~35 cm²,Sinusoidal AC,—,1,Gamma improved and beta worsened bradykinesia — frequency-specific,https://pubmed.ncbi.nlm.nih.gov/?term=Guerra%202020%20tACS
☺ (modest),Cerebellar ataxia / DoC,Cerebellar tACS,,Naro,Italy,2016,Neuroscience,Cerebellar tACS modulates cortico-cerebellar connectivity,Physiology,50Hz cerebellar,cerebellum,Cerebellum,50 (gamma),1-2 mA,—,Sinusoidal AC,—,1,Cerebellar tACS modulated connectivity relevant to ataxia/consciousness,https://pubmed.ncbi.nlm.nih.gov/?term=Naro%202016%20tACS
☺ (modest),Alzheimer's disease,Gamma tACS pilot,,Kehler,Canada,2020,Annu Int Conf IEEE EMBS,40Hz gamma tACS in Alzheimer's disease: feasibility pilot,Pilot,40Hz,temporal,Temporal,40 (gamma),2 mA,—,Sinusoidal AC,—,multiple,Feasible; preliminary cognitive/EEG changes,https://pubmed.ncbi.nlm.nih.gov/?term=Kehler%202020%20tACS
☺ (modest),Cognition – MCI,Theta tACS memory,,Jones,USA,2019,Front Aging Neurosci,Theta tACS enhances memory in mild cognitive impairment,Pilot,Theta network,temporoparietal,Temporoparietal,theta,1-2 mA,—,Sinusoidal AC,—,multiple,Theta tACS improved memory measures in MCI (pilot),https://pubmed.ncbi.nlm.nih.gov/?term=Jones%202019%20tACS
☺ (modest),ADHD,40Hz gamma tACS,,Dallmer-Zerbe,Germany / Czech,2020,J Atten Disord,Transcranial alternating current stimulation (tACS) at 40Hz improves attention in ADHD,RCT pilot,40Hz frontal,frontal,Prefrontal,40 (gamma),1-2 mA,~16 cm²,Sinusoidal AC,—,1,Gamma tACS improved attentional performance in ADHD (pilot),https://pubmed.ncbi.nlm.nih.gov/?term=Dallmer-Zerbe%202020%20tACS
☺ (modest),Chronic pain,Alpha tACS,,Kold & Graven-Nielsen,Denmark,2021,Pain,Alpha tACS reduces experimentally induced pain,"Behavior, healthy",Alpha somatosensory,S1,Somatosensory cortex,10 (alpha),1-2 mA,~16 cm²,Sinusoidal AC,—,1,Alpha tACS reduced pain sensitivity (mechanistic),https://pubmed.ncbi.nlm.nih.gov/?term=Kold%20Graven-Nielsen%202021%20tACS
⚔ ref,Methodology,tES safety,,Bikson,USA,2016,Brain Stimul,Safety of transcranial direct current stimulation: evidence-based update,Review / safety,Applies broadly to tES,—,—,—,≤4 mA,—,AC / DC,—,—,Evidence-based safety limits for low-intensity tES (incl. tACS),https://pubmed.ncbi.nlm.nih.gov/?term=Bikson%202016%20tACS
⚔ ref,Methodology,tES safety (practice),,Matsumoto & Ugawa,Japan,2017,Clin Neurophysiol Pract,Adverse events of tDCS and tACS: a review,Review / safety,Adverse-event profile,—,—,—,≤2-4 mA,—,AC / DC,—,—,"tACS adverse events mild/transient (tingling, phosphenes, skin sensations)",https://pubmed.ncbi.nlm.nih.gov/?term=Matsumoto%20Ugawa%202017%20tACS
⚔ ref,Methodology,tES review (cognition),,Reed & Cohen Kadosh,UK,2018,Exp Brain Res,Transcranial electrical stimulation as a tool for cognitive enhancement,Review,Cognition applications,—,DLPFC / parietal,various,—,—,AC / DC / RN,—,—,Reviews tES (incl. tACS) for cognitive enhancement; effect variability,https://pubmed.ncbi.nlm.nih.gov/?term=Reed%20Cohen%20Kadosh%202018%20tACS
⚔ ref,Methodology,Frontal midline theta review,,Wischnewski,USA / Netherlands,2023,Neurosci Biobehav Rev,Frontal midline theta and cognitive control: implications for tACS,Review,Theta-cognition targeting,—,Medial prefrontal,theta,—,—,Sinusoidal AC,—,—,Reviews frontal-midline-theta targeting rationale for cognitive-control tACS,https://pubmed.ncbi.nlm.nih.gov/?term=Wischnewski%202023%20tACS