idx,author,year,journal,polarity,anode,cathode,mA,area,density,tmin,nsess,status,source_url,notes
0,Nitsche & Paulus,2000,J Physiol,Anodal & cathodal,M1 (C3/C4),Contralateral supraorbital,1,35,0.029,≤13,1,UNCHECKED,,
1,Nitsche & Paulus,2001,Neurology,Anodal,M1 (C3/C4),Contralateral supraorbital,1,35,0.029,5–13,1,UNCHECKED,,
2,Stagg,2009,J Neurosci,Anodal & cathodal,M1 (C3),Contralateral supraorbital,1,35,0.029,10,1,UNCHECKED,,
3,Batsikadze,2013,J Physiol,Cathodal,M1 (C3/C4),Contralateral supraorbital,2,35,0.057,20,1,UNCHECKED,,
4,Monte-Silva,2013,Brain Stimul,Anodal,M1 (C3/C4),Contralateral supraorbital,1,35,0.029,13,1,UNCHECKED,,
5,Antal,2004,J Cogn Neurosci,Anodal & cathodal,Oz (visual cortex),Cz (vertex),1,35,0.029,10,1,UNCHECKED,,
6,Reis,2009,PNAS,Anodal,M1 (C3/C4),Contralateral supraorbital,1,25,0.040,20,5,UNCHECKED,,
7,Nitsche,2003,J Cogn Neurosci,Anodal,M1 (C3/C4),Contralateral supraorbital,1,35,0.029,15,1,UNCHECKED,,
8,Antal,2004,Eur J Neurosci,Anodal,M1 / V5,Contralateral supraorbital,1,35,0.029,10,1,UNCHECKED,,
9,Vines,2008,BMC Neurosci,Anodal+Cathodal (dual),Right M1 (anode),Left M1 (cathode),1,16,0.062,20,1,UNCHECKED,,
10,Stagg,2011,Neuropsychologia,Anodal & cathodal,M1 (C3),Contralateral supraorbital,1,35,0.029,10,1,UNCHECKED,,
11,Fregni,2005,Exp Brain Res,Anodal,F3 (left DLPFC),Contralateral supraorbital,1,35,0.029,10,1,UNCHECKED,,
12,Ohn,2008,Neuroreport,Anodal,F3 (left DLPFC),Right supraorbital,1,35,0.029,30,1,UNCHECKED,,
13,Andrews,2011,Brain Stimul,Anodal,F3 (left DLPFC),Right supraorbital,1,35,0.029,10,1,UNCHECKED,,
14,Zaehle,2011,BMC Neurosci,Anodal & cathodal,F3 (left DLPFC),Right supraorbital,1,35,0.029,15,1,UNCHECKED,,
15,Mulquiney,2011,Clin Neurophysiol,Anodal,F3 (left DLPFC),Right supraorbital,1,35,0.029,10,1,UNCHECKED,,
16,Keeser,2011,J Neurosci,Anodal,F3 (left DLPFC),Right supraorbital,2,35,0.057,20,1,UNCHECKED,,
17,Fecteau,2007,J Neurosci,Anodal R / cathodal L,Right DLPFC,Left DLPFC,2,35,0.057,15,1,UNCHECKED,,
18,Cohen Kadosh,2010,Curr Biol,Anodal & cathodal,Right parietal (P4),Left parietal,1,35,0.029,20,6,UNCHECKED,,
19,Floel,2008,J Cogn Neurosci,Anodal,Left temporoparietal (Wernicke),Right supraorbital,1,35,0.029,20,1,UNCHECKED,,
20,Meinzer,2013,J Neurosci,Anodal,Left IFG,Right supraorbital,1,35,0.029,20,1,UNCHECKED,,
21,Boggio,2008,Int J Neuropsychopharmacol,Anodal,F3 (left DLPFC),Right supraorbital,2,35,0.057,20,10,UNCHECKED,,
22,Fregni,2006,Bipolar Disord,Anodal,F3 (left DLPFC),Right supraorbital,1,35,0.029,20,5,UNCHECKED,,
23,Loo,2010,Int J Neuropsychopharmacol,Anodal,F3 (left DLPFC),Lateral (F8 region),1,35,0.029,20,5,UNCHECKED,,
24,Loo,2012,Br J Psychiatry,Anodal,F3 (left DLPFC),Lateral (F8 region),2,35,0.057,20,15,UNCHECKED,,
25,Palm,2012,Brain Stimul,Anodal,F3 (left DLPFC),Right supraorbital,1,35,0.029,20,10,UNCHECKED,,
26,Blumberger,2012,Front Psychiatry,Anodal,F3 (left DLPFC),F4 (right DLPFC),2,35,0.057,20,15,UNCHECKED,,
27,Bennabi,2015,World J Biol Psychiatry,Anodal,F3 (left DLPFC),Right supraorbital,2,35,0.057,30,10,UNCHECKED,,
28,Brunoni,2013,JAMA Psychiatry,Anodal,F3 (left DLPFC),F4 (right DLPFC),2,25,0.080,30,10,UNCHECKED,,
29,Brunoni,2017,N Engl J Med,Anodal,F3 (left DLPFC),F4 (right DLPFC),2,25,0.080,30,22,UNCHECKED,,
30,Loo,2018,Br J Psychiatry,Anodal,F3 (left DLPFC),F8 (right),2.5,35,0.071,30,20,UNCHECKED,,
31,Sampaio-Junior,2018,JAMA Psychiatry,Anodal,F3 (left DLPFC),F4 (right DLPFC),2,25,0.080,30,22,UNCHECKED,,
32,Segrave,2014,Brain Stimul,Anodal,F3 (left DLPFC),F8 (right),2,35,0.057,24,5,UNCHECKED,,
33,Woodham / Fu,2024,Nat Med,Anodal,F3 (left DLPFC),F4 (right DLPFC),2,35,0.057,30,~35,UNCHECKED,,
34,Hummel,2005,Brain,Anodal,Ipsilesional M1,Contralateral supraorbital,1,25,0.040,20,1,UNCHECKED,,
35,Fregni,2005,Neuroreport,Anodal / cathodal,Ipsilesional M1 / contralesional M1,Supraorbital,1,25,0.040,20,1,UNCHECKED,,
36,Boggio,2007,Restor Neurol Neurosci,Anodal / cathodal,Ipsilesional M1 / contralesional M1,Supraorbital,1,35,0.029,20,5,UNCHECKED,,
37,Lindenberg,2010,Neurology,Anodal+Cathodal (dual),Ipsilesional M1 (anode),Contralesional M1 (cathode),1.5,16,0.094,30,5,UNCHECKED,,
38,Bolognini,2011,Neurorehabil Neural Repair,Anodal+Cathodal (dual),Ipsilesional M1,Contralesional M1,2,35,0.057,40,10,UNCHECKED,,
39,Kim,2010,Am J Phys Med Rehabil,Anodal,Ipsilesional M1,Contralateral supraorbital,2,25,0.080,20,10,UNCHECKED,,
40,Nair,2011,Restor Neurol Neurosci,Cathodal,Contralesional M1,Ipsilesional supraorbital,1,16,0.062,30,5,UNCHECKED,,
41,Allman,2016,Sci Transl Med,Anodal,Ipsilesional M1,Contralateral supraorbital,1,25,0.040,20,9,UNCHECKED,,
42,Khedr,2013,Neurorehabil Neural Repair,Anodal / cathodal,Ipsilesional M1 / contralesional M1,Supraorbital,2,35,0.057,25,6,UNCHECKED,,
43,Hesse,2011,Restor Neurol Neurosci,Anodal,Ipsilesional M1,Contralateral supraorbital,2,35,0.057,20,30,UNCHECKED,,
44,Baker,2010,Stroke,Anodal,Left frontal (perilesional),Right supraorbital,1,—,—,20,5,UNCHECKED,,
45,Fridriksson,2011,Stroke,Anodal,Left posterior perisylvian,Right supraorbital,1,—,—,20,5,UNCHECKED,,
46,Fridriksson,2018,Brain,Anodal,Left IFG,Right supraorbital,1,—,—,20,15,UNCHECKED,,
47,Marangolo,2011,Behav Brain Res,Anodal / cathodal,Left frontal / right,Contralateral,2,—,—,20,5,UNCHECKED,,
48,Meinzer,2016,Brain,Anodal,Left primary motor / IFG,Right supraorbital,1,—,—,20,8,UNCHECKED,,
49,You,2011,Brain Lang,Cathodal / anodal,Right STG / left STG,Contralateral,2,35,0.057,30,10,UNCHECKED,,
50,Fiori,2013,Restor Neurol Neurosci,Anodal,Left Wernicke (temporoparietal),Right supraorbital,1,—,—,20,5,UNCHECKED,,
51,Ko,2008,Neurosci Lett,Anodal,Right posterior parietal,Left supraorbital,2,35,0.057,20,1,UNCHECKED,,
52,Sparing,2009,Brain,Anodal / cathodal,Right PPC (anode) / left PPC (cathode),Contralateral,1,35,0.029,10,1,UNCHECKED,,
53,Sunwoo,2013,Neurosci Lett,Anodal+Cathodal (dual),Right PPC,Left PPC,1,35,0.029,20,1,UNCHECKED,,
54,Fregni,2006,Arthritis Rheum,Anodal,M1 (C3/C4),Contralateral supraorbital,2,35,0.057,20,5,UNCHECKED,,
55,Valle,2009,J Pain Manag,Anodal,M1 (C3) / F3,Contralateral supraorbital,2,35,0.057,20,10,UNCHECKED,,
56,Fagerlund,2015,Pain,Anodal,M1 (C3),Contralateral supraorbital,2,35,0.057,20,5,UNCHECKED,,
57,Villamar,2013,J Pain,Anodal & cathodal,M1 (C3) 4×1 ring,4× surround,2,HD 4×1,—,20,1,UNCHECKED,,
58,Fregni,2006,Pain,Anodal,M1 (C3/C4),Contralateral supraorbital,2,35,0.057,20,5,UNCHECKED,,
59,Soler,2010,Brain,Anodal,M1 (C3/C4),Contralateral supraorbital,2,35,0.057,20,10,UNCHECKED,,
60,Bolognini,2015,J Pain,Anodal,M1 (contralateral to phantom),Contralateral supraorbital,1.5,35,0.043,15,5,UNCHECKED,,
61,Antal,2011,Cephalalgia,Cathodal,Occipital / visual cortex (Oz),Vertex (Cz),1,35,0.029,15,multiple,UNCHECKED,,
62,DaSilva,2012,Headache,Anodal,M1 (C3/C4),Contralateral supraorbital,2,35,0.057,20,10,UNCHECKED,,
63,Benninger,2010,J Neurol Neurosurg Psychiatry,Anodal,Motor & prefrontal (alternating),Extracephalic / mastoid,2,25,0.080,20,8,UNCHECKED,,
64,Fregni,2006,Mov Disord,Anodal,M1 (C3/C4),Contralateral supraorbital,1,35,0.029,20,1,UNCHECKED,,
65,Boggio,2006,J Neurol Sci,Anodal,F3 (left DLPFC),Right supraorbital,2,35,0.057,20,1,UNCHECKED,,
66,Kaski,2014,Clin Neurophysiol,Anodal,M1 / leg motor area,Contralateral supraorbital,2,35,0.057,15,1,UNCHECKED,,
67,Costa-Ribeiro,2017,J Neurol,Anodal,M1 (leg area),Contralateral supraorbital,2,35,0.057,13,10,UNCHECKED,,
68,Doruk,2014,Neurosci Lett,Anodal,F3 / F4 (DLPFC),Contralateral supraorbital,2,35,0.057,20,10,UNCHECKED,,
69,Benussi,2015,Mov Disord,Anodal,Cerebellum (midline),Right deltoid / buccinator,2,35,0.057,20,1,UNCHECKED,,
70,Benussi,2018,Neurology,Anodal,Cerebellum + spinal,—,2,35,0.057,20,10,UNCHECKED,,
71,Brunelin,2012,Am J Psychiatry,Anodal + cathodal,"Left DLPFC (F3, anode)",Left temporoparietal (cathode),2,35,0.057,20,10,UNCHECKED,,
72,Mondino,2016,Schizophr Res,Anodal + cathodal,Left DLPFC (F3),Left temporoparietal,2,35,0.057,20,10,UNCHECKED,,
73,Valiengo,2020,JAMA Psychiatry,Anodal,F3 (left DLPFC),Left temporoparietal,2,25,0.080,20,10,UNCHECKED,,
74,Palm,2016,Schizophr Bull,Anodal,F3 (left DLPFC),Right supraorbital,2,35,0.057,20,10,UNCHECKED,,
75,Smith,2015,Schizophr Res,Anodal,F3 (left DLPFC),Right supraorbital,2,35,0.057,20,5,UNCHECKED,,
76,Kantrowitz,2019,Schizophr Bull? / Neuropsychopharmacology,Anodal + cathodal,Left DLPFC (F3),Left temporoparietal,2,35,0.057,20,10,UNCHECKED,,
77,Boggio,2008,Drug Alcohol Depend,Anodal/cathodal (bilateral),Right or left DLPFC,Contralateral DLPFC,2,35,0.057,20,1,UNCHECKED,,
78,Klauss,2014,Int J Neuropsychopharmacol,Anodal R / cathodal L,Right DLPFC (F4),Left DLPFC (F3),2,35,0.057,13,5,UNCHECKED,,
79,Klauss,2018,Front Pharmacol,Anodal R / cathodal L,Right DLPFC (F4),Left DLPFC (F3),2,35,0.057,20,5,UNCHECKED,,
80,Fregni,2008,J Clin Psychiatry,Anodal/cathodal (bilateral),Left DLPFC (F3),Right DLPFC (F4),2,35,0.057,20,1,UNCHECKED,,
81,Boggio,2009,Drug Alcohol Depend,Anodal L / cathodal R,Left DLPFC (F3),Right DLPFC (F4),2,35,0.057,20,5,UNCHECKED,,
82,Fecteau,2014,Drug Alcohol Depend,Anodal R / cathodal L,Right DLPFC,Left DLPFC,2,35,0.057,30,5,UNCHECKED,,
83,Batista,2015,Front Psychiatry? / Drug Alcohol Depend,Anodal R / cathodal L,Right DLPFC (F4),Left DLPFC (F3),2,35,0.057,20,5,UNCHECKED,,
84,Boggio,2010,J Psychopharmacol,Anodal R / cathodal L,Right DLPFC,Left DLPFC,2,35,0.057,20,1,UNCHECKED,,
85,Fregni,2008,Appetite,Anodal R / cathodal L,Right DLPFC (F4),Left DLPFC (F3),2,35,0.057,20,1,UNCHECKED,,
86,Goldman,2011,Appetite,Anodal R / cathodal L,Right DLPFC,Left DLPFC,2,35,0.057,20,1,UNCHECKED,,
87,Jauch-Chara,2014,Diabetes,Anodal,Prefrontal,Extracephalic,1,35,0.029,20,8,UNCHECKED,,
88,Fregni,2006,Epilepsia,Cathodal,Epileptogenic focus,Contralateral / extracephalic,1,35,0.029,20,1,UNCHECKED,,
89,Auvichayapat,2013,Brain Stimul,Cathodal,Epileptogenic focus,Contralateral shoulder,1,35,0.029,20,1,UNCHECKED,,
90,San-Juan,2017,Brain Stimul,Cathodal,Temporal focus,Contralateral,2,35,0.057,30,3,UNCHECKED,,
91,Yang,2020,Epilepsia / Ann Clin Transl Neurol,Cathodal,Epileptogenic focus,Contralateral,2,35,0.057,20,14,UNCHECKED,,
92,Leffa,2022,JAMA Psychiatry,Anodal,Right DLPFC (F4),Left DLPFC (F3),2,35,0.057,30,28,UNCHECKED,,
93,Cachoeira,2017,Psychiatry Res,Anodal,Right DLPFC (F4),Left DLPFC (F3),2,35,0.057,20,5,UNCHECKED,,
94,Soltaninejad,2019,J Atten Disord,Anodal,F3 (left DLPFC),Right supraorbital,1,35,0.029,15,1,UNCHECKED,,
95,Cosmo,2015,PLoS One,Anodal,F3 (left DLPFC),Right supraorbital,1,35,0.029,20,1,UNCHECKED,,
96,Amatachaya,2014,Behav Neurol,Anodal,F3 (left DLPFC),Right shoulder,1,35,0.029,20,1,UNCHECKED,,
97,Amatachaya,2015,Neural Plast,Anodal,F3 (left DLPFC),Right shoulder,1,35,0.029,20,1,UNCHECKED,,
98,Zemestani,2022,Autism Res,Anodal,F3 (left DLPFC),Right supraorbital,1,35,0.029,20,10,UNCHECKED,,
99,Vanneste,2010,Exp Brain Res,Anodal R / cathodal L,Right DLPFC,Left DLPFC,1.5,35,0.043,20,1,UNCHECKED,,
100,Fregni,2006,Eur J Neurol,Anodal,Left temporoparietal (auditory),Contralateral supraorbital,1,35,0.029,3,1,UNCHECKED,,
101,Frank,2012,J Neurol,Anodal R / cathodal L,Right DLPFC,Left DLPFC,1.5,35,0.043,30,6,UNCHECKED,,
102,Pal,2015,Brain Stimul,Cathodal (auditory) + anodal (PFC),Prefrontal,Left auditory cortex,2,35,0.057,20,5,UNCHECKED,,
103,Ferrucci,2008,Neurology,Anodal,Bilateral temporoparietal,Right deltoid,1.5,35,0.043,15,1,UNCHECKED,,
104,Boggio,2009,J Neurol Neurosurg Psychiatry,Anodal,Bilateral temporal (T3/T4),Right deltoid,2,35,0.057,30,1,UNCHECKED,,
105,Boggio,2012,Brain Stimul,Anodal,Bilateral temporal (T3/T4),Right deltoid,2,35,0.057,30,5,UNCHECKED,,
106,Khedr,2014,Front Aging Neurosci,Anodal / cathodal,Left DLPFC (F3),Contralateral supraorbital,2,35,0.057,25,10,UNCHECKED,,
107,Bystad,2016,Alzheimers Res Ther,Anodal,Left temporal cortex (T3),Right frontal,2,35,0.057,30,6,UNCHECKED,,
108,Cotelli,2014,Front Aging Neurosci,Anodal,Left DLPFC (F3),Right deltoid,2,35,0.057,25,10,UNCHECKED,,
109,Ferrucci,2014,NeuroRehabilitation,Anodal,Bilateral S1,Occipital / neck,1.5,35,0.043,15,5,UNCHECKED,,
110,Tecchio,2014,J Neurol,Anodal,Whole somatosensory (personalized),—,1.5,35,0.043,15,5,UNCHECKED,,
111,Charvet,2018,Mult Scler,Anodal,F3 (left DLPFC),Right supraorbital,2.0,25,0.080,20,20,UNCHECKED,,
112,Mori,2010,J Pain,Anodal,M1 (C3/C4),Contralateral supraorbital,2,35,0.057,20,5,UNCHECKED,,
113,Kumar,2011,Stroke,Anodal,Pharyngeal motor cortex (unaffected),Contralateral supraorbital,2,—,—,30,5,UNCHECKED,,
114,Shigematsu,2013,Neurorehabil Neural Repair,Anodal,Pharyngeal motor cortex (affected),Contralateral supraorbital,1,—,—,20,10,UNCHECKED,,
115,Yang,2012,J Oral Rehabil? / clinical,Anodal,Pharyngeal motor cortex (affected),Contralateral supraorbital,1,—,—,20,10,UNCHECKED,,
116,Thibaut,2014,Neurology,Anodal,Left DLPFC (F3),Right supraorbital,2,35,0.057,20,1,UNCHECKED,,
117,Thibaut,2017,Brain Inj / Restor Neurol Neurosci,Anodal,Left DLPFC (F3),Right supraorbital,2,35,0.057,20,5,UNCHECKED,,
118,Angelakis,2014,Arch Phys Med Rehabil,Anodal,Left DLPFC (F3),Right supraorbital,1,35,0.029,20,multiple,UNCHECKED,,
119,Gowda,2019,Brain Stimul,Cathodal,Pre-SMA,Right supraorbital,2,35,0.057,20,20,UNCHECKED,,
120,Silva,2021,Eur Arch Psychiatry Clin Neurosci,Cathodal,SMA,Deltoid / supraorbital,2,35,0.057,30,20,UNCHECKED,,
121,Bation,2019,Brain Stimul,Cathodal,OFC,Cerebellum,2,35,0.057,20,10,UNCHECKED,,
122,van 't Wout-Frank,2019,Brain Stimul,Anodal,Right / ventromedial PFC,Contralateral,2,35,0.057,25,6,UNCHECKED,,
123,Marshall,2006,Nature,Anodal (oscillating),Bilateral frontal (F3/F4),Mastoids,0.517,—,—,~30,1,UNCHECKED,,
124,Frase,2016,Neuropsychopharmacology,Anodal & cathodal,Bilateral frontal,Extracephalic,1,35,0.029,~15,1,UNCHECKED,,
125,Saebipour,2015,J Sleep Res,Anodal (oscillating),Frontolateral,Mastoids,0.517,—,—,~25,1,UNCHECKED,,
126,Ulam,2015,Clin Neurophysiol,Anodal,F3 (left DLPFC),Right supraorbital,1,35,0.029,20,10,UNCHECKED,,
127,Collange Grecco,2014,Clin Rehabil,Anodal,M1 (leg area),Contralateral supraorbital,1,25,0.040,20,10,UNCHECKED,,
128,Mrakic-Sposta,2008,Neurol Sci,Cathodal,M1 / pre-SMA,Contralateral supraorbital,2,35,0.057,15,5,UNCHECKED,,
129,Priori,1998,Neuroreport,Anodal & cathodal,M1,Contralateral / mastoid,0.5,—,—,7 s,1,UNCHECKED,,
130,Ardolino,2005,J Physiol,Cathodal,M1 (C3),Contralateral supraorbital,1,35,0.029,10,1,UNCHECKED,,
131,Nitsche,2003,J Physiol,Anodal & cathodal,M1 (C3/C4),Contralateral supraorbital,1,35,0.029,≤13,1,UNCHECKED,,
132,Nitsche,2004,J Physiol,Anodal & cathodal,M1 (C3/C4),Contralateral supraorbital,1,35,0.029,5,1,UNCHECKED,,
133,Kuo,2013,Brain Stimul,Anodal & cathodal,M1 (C3) 4×1 ring,4× surround,2,HD 4×1,—,10,1,UNCHECKED,,
134,Galea,2009,J Neurophysiol,Anodal,M1 (C3/C4),Contralateral supraorbital,1,25,0.040,15,1,UNCHECKED,,
135,Waters-Metenier,2014,J Neurosci,Anodal (bilateral),Bilateral M1,—,1,25,0.040,20,4,UNCHECKED,,
136,Javadi,2012,Brain Stimul,Anodal,Left DLPFC (F3),Right supraorbital,1.5,35,0.043,~3/word,1,UNCHECKED,,
137,Sarkar,2014,J Neurosci,Anodal,Bilateral DLPFC,—,1.5,35,0.043,20,1,UNCHECKED,,
138,Clark,2012,Neuroimage,Anodal,Right inferior frontal / temporal,Contralateral arm,2,35,0.057,30,1,UNCHECKED,,
139,Dockery,2009,J Neurosci,Anodal & cathodal,Left DLPFC (F3),Right supraorbital,1,35,0.029,15,1,UNCHECKED,,
140,Flöel,2012,Neurobiol Aging,Anodal,Right temporoparietal,Contralateral supraorbital,1,35,0.029,20,3,UNCHECKED,,
141,Meinzer,2015,Neurology,Anodal,Left IFG,Right supraorbital,1,35,0.029,20,1,UNCHECKED,,
142,Turkeltaub,2012,Neuropsychologia,Anodal,Left temporoparietal,Right supraorbital,1.5,35,0.043,20,1,UNCHECKED,,
143,Rigonatti,2008,Eur Psychiatry,Anodal,F3 (left DLPFC),Right supraorbital,2,35,0.057,20,10,UNCHECKED,,
144,Ferrucci,2009,J Affect Disord,Anodal,F3 (left DLPFC),Right supraorbital (F4),2,35,0.057,20,10,UNCHECKED,,
145,Dell'Osso,2012,Bipolar Disord,Anodal,F3 (left DLPFC),F4 (right DLPFC),2,35,0.057,20,10,UNCHECKED,,
146,Brunoni,2011,J Affect Disord,Anodal,F3 (left DLPFC),F4 (right DLPFC),2,35,0.057,20,10,UNCHECKED,,
147,Di Lazzaro,2014,Brain Stimul,Anodal+Cathodal (dual),Ipsilesional M1,Contralesional M1,2,35,0.057,40,5,UNCHECKED,,
148,Rossi,2013,Eur J Neurol,Anodal,Ipsilesional M1,Contralateral supraorbital,2,35,0.057,20,5,UNCHECKED,,
149,Sattler,2015,Neurorehabil Neural Repair,Anodal,Ipsilesional M1,Contralateral supraorbital,1,35,0.029,20,5,UNCHECKED,,
150,Kang,2011,Restor Neurol Neurosci,Cathodal,Contralesional M1,Ipsilesional supraorbital,2,25,0.080,20,1,UNCHECKED,,
151,Marangolo,2013,Restor Neurol Neurosci,Anodal / cathodal,Left frontal / right,Contralateral,2,—,—,20,10,UNCHECKED,,
152,Shah-Basak,2015,J Neurosci? / Restor Neurol Neurosci,Anodal / cathodal,Left / right frontal,Contralateral,2,—,—,20,10,UNCHECKED,,
153,Volpato,2013,Restor Neurol Neurosci,Anodal,Left frontal,Right supraorbital,2,35,0.057,20,10,UNCHECKED,,
154,Mendonca,2016,Front Hum Neurosci,Anodal,M1 (C3),Contralateral supraorbital,2,35,0.057,20,5,UNCHECKED,,
155,Riberto,2011,Open Rheumatol J,Anodal,M1 (C3),Contralateral supraorbital,2,35,0.057,20,10,UNCHECKED,,
156,Luedtke,2015,Pain,Anodal,M1,Contralateral supraorbital,2,35,0.057,20,5,UNCHECKED,,
157,Ahn,2017,Clin J Pain,Anodal,M1 (C3/C4) 4×1,4× surround,2,HD 4×1,—,20,5,UNCHECKED,,
158,Boggio,2008,Eur J Neurosci? / Pain,Anodal,M1 / DLPFC,Contralateral supraorbital,2,35,0.057,5,1,UNCHECKED,,
159,Auvichayapat,2012,J Med Assoc Thai,Anodal,M1 (C3/C4),Contralateral supraorbital,1,35,0.029,20,20,UNCHECKED,,
160,Andrade,2017,J Neural Transm,Anodal,M1,Contralateral supraorbital,2,35,0.057,20,12,UNCHECKED,,
161,Ferrucci,2016,Cerebellum,Anodal,Cerebellum / M1,Deltoid / supraorbital,2,35,0.057,20,5,UNCHECKED,,
162,Pereira,2013,Brain Stimul,Anodal,Left DLPFC (F3),Right supraorbital,2,35,0.057,20,1,UNCHECKED,,
163,Manenti,2016,Mov Disord,Anodal,Left DLPFC (F3),Right deltoid,2,35,0.057,20,10,UNCHECKED,,
164,Gomes,2018,J ECT / Schizophr Res,Anodal,F3 (left DLPFC),Right supraorbital,2,35,0.057,20,10,UNCHECKED,,
165,Rassovsky,2015,Schizophr Res,Anodal,F3 (left DLPFC),Right supraorbital,2,35,0.057,20,1,UNCHECKED,,
166,Nakamura-Palacios,2012,J Neurosci Methods? / Front,Anodal L / cathodal R,Left DLPFC (F3),Right DLPFC (F4),1,35,0.029,20,1,UNCHECKED,,
167,da Silva,2013,J Physiol Paris,Anodal R / cathodal L,Right DLPFC,Left DLPFC,2,35,0.057,20,5,UNCHECKED,,
168,Shahbabaie,2014,Int J Neuropsychopharmacol,Anodal,Right DLPFC (F4),Left supraorbital,2,35,0.057,20,1,UNCHECKED,,
169,den Uyl,2015,Alcohol Clin Exp Res,Anodal,Left / right DLPFC,Contralateral,2,35,0.057,..,..,UNCHECKED,,
170,Ljubisavljevic,2016,Front Hum Neurosci,Anodal,Right DLPFC (F4),Left supraorbital,2,35,0.057,20,5,UNCHECKED,,
171,Lapenta,2014,Appetite,Anodal R / cathodal L,Right DLPFC,Left DLPFC,2,35,0.057,20,1,UNCHECKED,,
172,Montenegro,2012,Appetite,Anodal,Left DLPFC (F3),Right supraorbital,2,35,0.057,20,1,UNCHECKED,,
173,Tekturk,2016,Clin Neurol Neurosurg? / Epilepsy Res,Cathodal,Temporal focus,Contralateral,2,35,0.057,30,3,UNCHECKED,,
174,Assenza,2017,Brain Stimul,Cathodal,Epileptogenic focus,Contralateral,2,35,0.057,20,5,UNCHECKED,,
175,Auvichayapat,2016,Brain Stimul,Cathodal,Vertex / focus,Contralateral shoulder,2,35,0.057,20,5,UNCHECKED,,
176,Breitling,2016,Front Cell Neurosci,Anodal,Right IFG,Contralateral / surround,1,35,0.029,20,1,UNCHECKED,,
177,Soff,2017,J Neural Transm,Anodal,F3 (left DLPFC),Right supraorbital,1,35,0.029,20,5,UNCHECKED,,
178,Nejati,2020,Sci Rep? / J Atten Disord,Anodal & cathodal,Left DLPFC / OFC,Contralateral,1,35,0.029,15,1,UNCHECKED,,
179,Shekhawat,2013,Neurorehabil Neural Repair,Anodal R / cathodal L,Right DLPFC,Left DLPFC,2,35,0.057,20,1,UNCHECKED,,
180,Suemoto,2014,Brain Stimul,Anodal,Left DLPFC (F3),Right supraorbital,2,35,0.057,20,6,UNCHECKED,,
181,Gangemi,2021,Neurol Sci,Anodal,Bilateral temporal,Deltoid,2,35,0.057,20,10,UNCHECKED,,
182,Chalah,2017,J Neurol Sci,Anodal,Left DLPFC (F3),Right supraorbital,2,35,0.057,20,5,UNCHECKED,,
183,D'Urso,2016,World J Biol Psychiatry,Cathodal,Pre-SMA,Right deltoid,2,35,0.057,20,10,UNCHECKED,,
184,Alizadeh Goradel,2016,Iran J Psychiatry? / clinical,Anodal,Left DLPFC (F3),Right supraorbital,2,35,0.057,20,10,UNCHECKED,,
185,Shiozawa,2014,Rev Bras Psiquiatr / J ECT,Cathodal,Right DLPFC,Left supraorbital,2,35,0.057,30,..,UNCHECKED,,
186,Chesters,2018,Brain,Anodal,Left inferior frontal cortex,Right supraorbital,1,35,0.029,20,5,UNCHECKED,,
187,Costanzo,2016,Restor Neurol Neurosci,Anodal L / cathodal R,Left parietotemporal,Right parietotemporal,1,—,—,20,18,UNCHECKED,,
188,Martens,2018,Brain Stimul,Anodal,Left DLPFC (F3),Right supraorbital,2,35,0.057,20,5,UNCHECKED,,
189,Bindman,1964,J Physiol,Anodal & cathodal,Cortical surface,—,—,—,—,—,1,UNCHECKED,,
190,Purpura & McMurtry,1965,J Neurophysiol,Anodal & cathodal,Cortical surface,—,—,—,—,—,1,UNCHECKED,,
191,Martin,2011,Int J Neuropsychopharmacol,Anodal,F3 (left DLPFC),F8 (right),2,35,0.057,20,—,UNCHECKED,,
192,Aparicio,2019,Depress Anxiety,Anodal,F3 (left DLPFC),F4 (right DLPFC),2,25,0.080,30,10,UNCHECKED,,
193,Nikolin,2018,Psychol Med,Anodal,F3 (left DLPFC),F8 (right),2,35,0.057,20,—,UNCHECKED,,
194,Valiengo,2017,J Neurol Neurosurg Psychiatry,Anodal,F3 (left DLPFC),F4 (right DLPFC),2,25,0.080,30,12,UNCHECKED,,
195,Vigod,2019,J Affect Disord,Anodal,F3 (left DLPFC),F4 (right DLPFC),2,25,0.080,30,15,UNCHECKED,,
196,Palm,2009,Brain Stimul,Anodal,F3 (left DLPFC),Right supraorbital,1,35,0.029,20,10,UNCHECKED,,
197,Lefebvre,2013,Brain,Anodal+Cathodal (dual),Ipsilesional M1,Contralesional M1,1,—,—,30,1,UNCHECKED,,
198,Straudi,2016,Neural Plast,Anodal+Cathodal (dual),Ipsilesional M1,Contralesional M1,2,35,0.057,30,10,UNCHECKED,,
199,Wu,2013,Arch Phys Med Rehabil,Cathodal,Contralesional M1,Ipsilesional supraorbital,1.2,—,—,20,20,UNCHECKED,,
200,Yozbatiran,2016,Restor Neurol Neurosci,Anodal,M1 (arm area),Contralateral supraorbital,2,—,—,20,—,UNCHECKED,,
201,Campana,2015,Front Hum Neurosci,Anodal / cathodal,Left frontal / right,Contralateral,2,—,—,20,15,UNCHECKED,,
202,Polanowska,2013,Restor Neurol Neurosci,Anodal,Left frontal,Right supraorbital,1,—,—,10,15,UNCHECKED,,
203,Berryhill,2011,Neurosci Lett,Anodal,F3 / F4 (DLPFC),Contralateral cheek,1.5,35,0.043,10,1,UNCHECKED,,
204,Chrysikou,2013,Cogn Neurosci,Cathodal,Left PFC,Right cheek,1.5,35,0.043,—,1,UNCHECKED,,
205,Weiss & Lavidor,2012,J Cogn Neurosci,Cathodal,Right posterior temporal,Contralateral,1.5,35,0.043,—,1,UNCHECKED,,
206,Meiron,2013,Neuroscience,Anodal,Left or right DLPFC,Contralateral supraorbital,1.5,35,0.043,—,1,UNCHECKED,,
207,Gill,2015,Brain Stimul,Anodal,F3 (left DLPFC),Right supraorbital,2,35,0.057,15,1,UNCHECKED,,
208,Cantarero,2015,J Neurosci,Anodal,Cerebellum,Buccinator,2,25,0.080,—,3,UNCHECKED,,
209,Kantak,2012,Behav Brain Res,Anodal,M1 / DLPFC,Contralateral supraorbital,1,25,0.040,—,1,UNCHECKED,,
210,Hagenacker,2014,J Headache Pain,Anodal,M1 (face area),Contralateral supraorbital,1,35,0.029,20,14,UNCHECKED,,
211,Wrigley,2013,Pain,Anodal,M1 (C3/C4),Contralateral supraorbital,2,35,0.057,20,5,UNCHECKED,,
212,Kim,2013,Clin J Pain,Anodal,M1 (knee area),Contralateral supraorbital,2,35,0.057,20,—,UNCHECKED,,
213,Harvey,2018,Clin J Pain,Anodal,M1 (C3/C4) 4×1,4× surround,2,HD 4×1,—,20,5,UNCHECKED,,
214,Valentino,2014,Mov Disord,Anodal,M1 (leg area),Contralateral supraorbital,2,35,0.057,20,5,UNCHECKED,,
215,Dagan,2018,Mov Disord,Anodal,M1 + DLPFC (multifocal),Multifocal,2,HD multi,—,20,1,UNCHECKED,,
216,Schabrun,2016,PLoS One,Anodal,M1 (leg area),Contralateral supraorbital,2,35,0.057,20,9,UNCHECKED,,
217,Vercammen,2011,Schizophr Res,Anodal,F3 (left DLPFC),Right supraorbital,2,35,0.057,—,—,UNCHECKED,,
218,Bose,2018,Schizophr Res,Anodal + cathodal,Left DLPFC (F3),Left temporoparietal,2,35,0.057,20,10,UNCHECKED,,
219,Falcone,2016,Drug Alcohol Depend,Anodal,Left DLPFC (F3),Right supraorbital,1,35,0.029,20,1,UNCHECKED,,
220,Mondino,2015,Brain Stimul,Anodal,Left DLPFC (F3),Right temporoparietal,2,35,0.057,20,1,UNCHECKED,,
221,Vitor de Souza Brangioni,2018,Alcohol Alcohol,Anodal R / cathodal L,Right DLPFC (F4),Left DLPFC (F3),2,35,0.057,20,5,UNCHECKED,,
222,Karvigh,2017,Epilepsy Behav,Cathodal,Epileptogenic focus,Contralateral,2,35,0.057,20,5,UNCHECKED,,
223,Zoghi,2016,Epilepsia Open,Cathodal,Temporal focus,Contralateral,1,35,0.029,20,—,UNCHECKED,,
224,Munz,2015,Front Cell Neurosci,Anodal (oscillating),Bilateral frontal,Mastoids,0.517,—,—,—,1,UNCHECKED,,
225,Sotnikova,2017,Brain Topogr,Anodal,F3 (left DLPFC),Right supraorbital,1,35,0.029,20,1,UNCHECKED,,
226,Gómez,2017,Brain Stimul,Anodal,F3 (left DLPFC),Right supraorbital,1,35,0.029,20,20,UNCHECKED,,
227,Vanneste,2011,Neurosci Lett,Anodal & cathodal,Auditory cortex (temporoparietal),Contralateral,1.5,35,0.043,—,1,UNCHECKED,,
228,Forogh,2016,Neurol Sci,Anodal R / cathodal L,Right DLPFC,Left DLPFC,2,35,0.057,20,5,UNCHECKED,,
229,Lu,2019,Brain Stimul,Anodal,Left DLPFC (F3),Right supraorbital,2,35,0.057,20,10,UNCHECKED,,
230,Khedr,2019,Neurophysiol Clin,Anodal,Left DLPFC (F3),Contralateral supraorbital,2,35,0.057,20,10,UNCHECKED,,
231,Ayache,2016,Eur J Pain,Anodal,M1 (C3/C4),Contralateral supraorbital,2,35,0.057,20,3,UNCHECKED,,
232,Hanken,2016,Front Neurol,Anodal,Parietal cortex,Contralateral,1,35,0.029,—,—,UNCHECKED,,
233,Pingue,2018,Dysphagia,Anodal (bilateral),Bilateral pharyngeal motor cortex,—,2,—,—,30,10,UNCHECKED,,
234,Fineberg,2023,Compr Psychiatry,Cathodal,OFC / pre-SMA,Contralateral,2,35,0.057,20,—,UNCHECKED,,
235,Ahmadizadeh,2018,Brain Res Bull,Anodal,Right DLPFC (F4),Left DLPFC,2,35,0.057,20,10,UNCHECKED,,
236,Lesniak,2014,J Head Trauma Rehabil,Anodal,F3 (left DLPFC),Right supraorbital,1,35,0.029,10,15,UNCHECKED,,
